<?xml version="1.0"?>
<sprite>
  <imageset height="32" name="base" src="graphics/sprites/hairstyles/hairstyle13-female.png|W;B;R" width="32"/>
  <action imageset="base" name="stand">
    <animation direction="down">
      <frame index="0" offsetX="3" offsetY="-33"/>
    </animation>
    <animation direction="left">
      <frame index="3" offsetX="3" offsetY="-33"/>
    </animation>
    <animation direction="up">
      <frame index="6" offsetX="3" offsetY="-33"/>
    </animation>
    <animation direction="right">
      <frame index="9" offsetX="3" offsetY="-33"/>
    </animation>
  </action>
  <action imageset="base" name="walk">
    <animation direction="down">
      <frame delay="75" index="0" offsetX="3" offsetY="-32"/>
      <frame delay="150" index="1" offsetX="3" offsetY="-33"/>
      <frame delay="75" index="0" offsetX="3" offsetY="-32"/>
      <frame delay="150" index="2" offsetX="3" offsetY="-33"/>
    </animation>
    <animation direction="left">
      <frame delay="75" index="3" offsetX="3" offsetY="-33"/>
      <frame delay="75" index="4" offsetX="3" offsetY="-32"/>
      <frame delay="150" index="4" offsetX="3" offsetY="-33"/>
      <frame delay="75" index="5" offsetX="3" offsetY="-32"/>
      <frame delay="75" index="5" offsetX="3" offsetY="-33"/>
    </animation>
    <animation direction="up">
      <frame delay="75" index="6" offsetX="3" offsetY="-33"/>
      <frame delay="150" index="7" offsetX="3" offsetY="-34"/>
      <frame delay="75" index="6" offsetX="3" offsetY="-33"/>
      <frame delay="150" index="8" offsetX="3" offsetY="-34"/>
    </animation>
    <animation direction="right">
      <frame delay="75" index="9" offsetX="3" offsetY="-33"/>
      <frame delay="75" index="10" offsetX="3" offsetY="-32"/>
      <frame delay="150" index="10" offsetX="3" offsetY="-33"/>
      <frame delay="75" index="11" offsetX="3" offsetY="-32"/>
      <frame delay="75" index="11" offsetX="3" offsetY="-33"/>
    </animation>
  </action>
  <action imageset="base" name="attack">
    <animation direction="down">
      <frame delay="75" index="0" offsetX="3" offsetY="-30"/>
      <frame delay="75" index="0" offsetX="3" offsetY="-31"/>
      <frame delay="75" index="0" offsetX="3" offsetY="-28"/>
      <frame delay="75" index="0" offsetX="3" offsetY="-27"/>
      <end/>
    </animation>
    <animation direction="left">
      <frame delay="75" index="3" offsetX="7" offsetY="-34"/>
      <frame delay="75" index="3" offsetX="7" offsetY="-35"/>
      <frame delay="75" index="3" offsetX="3" offsetY="-32"/>
      <frame delay="75" index="3" offsetX="2" offsetY="-31"/>
      <end/>
    </animation>
    <animation direction="up">
      <frame delay="225" index="6" offsetX="2" offsetY="-33"/>
      <frame delay="75" index="6" offsetX="2" offsetY="-31"/>
      <end/>
    </animation>
    <animation direction="right">
      <frame delay="75" index="9" offsetX="0" offsetY="-34"/>
      <frame delay="75" index="9" offsetX="0" offsetY="-35"/>
      <frame delay="75" index="9" offsetX="3" offsetY="-32"/>
      <frame delay="75" index="9" offsetX="4" offsetY="-31"/>
      <end/>
    </animation>
  </action>
  <action imageset="base" name="attack_bow">
    <animation direction="down">
      <frame delay="225" index="0" offsetX="3" offsetY="-32"/>
      <frame delay="75" index="0" offsetX="3" offsetY="-31"/>
      <frame delay="75" index="0" offsetX="3" offsetY="-32"/>
      <end/>
    </animation>
    <animation direction="left">
      <frame delay="225" index="3" offsetX="6" offsetY="-33"/>
      <frame delay="150" index="3" offsetX="8" offsetY="-34"/>
      <end/>
    </animation>
    <animation direction="up">
      <frame delay="225" index="6" offsetX="3" offsetY="-33"/>
      <frame delay="75" index="6" offsetX="2" offsetY="-32"/>
      <frame delay="75" index="6" offsetX="2" offsetY="-33"/>
      <end/>
    </animation>
    <animation direction="right">
      <frame delay="225" index="9" offsetX="0" offsetY="-33"/>
      <frame delay="150" index="9" offsetX="-2" offsetY="-34"/>
      <end/>
    </animation>
  </action>
  <action imageset="base" name="sit">
    <animation direction="down">
      <frame index="0" offsetX="3" offsetY="-21"/>
    </animation>
    <animation direction="left">
      <frame index="3" offsetX="7" offsetY="-24"/>
    </animation>
    <animation direction="up">
      <frame index="6" offsetX="4" offsetY="-25"/>
    </animation>
    <animation direction="right">
      <frame index="9" offsetX="-3" offsetY="-24"/>
    </animation>
  </action>
  <action imageset="base" name="dead">
    <animation direction="default">
      <frame index="12" offsetX="23" offsetY="-8"/>
    </animation>
  </action>
  <action name="attack_2hand" imageset="base">
    <animation direction="down">
      <frame index="0" offsetX="2" offsetY="-29" delay="140"/>
      <frame index="0" offsetX="2" offsetY="-26" delay="140"/>
      <frame index="0" offsetX="2" offsetY="-31" delay="140"/>
      <frame index="0" offsetX="2" offsetY="-25" delay="140"/>
      <end/>
    </animation>
    <animation direction="left">
      <frame index="3" offsetX="2" offsetY="-30" delay="140"/>
      <frame index="3" offsetX="5" offsetY="-33" delay="280"/>
      <frame index="3" offsetX="0" offsetY="-29" delay="140"/>
      <end/>
    </animation>
    <animation direction="up">
      <frame index="6" offsetX="1" offsetY="-32" delay="280"/>
      <frame index="6" offsetX="1" offsetY="-30" delay="140"/>
      <frame index="6" offsetX="2" offsetY="-33" delay="140"/>
      <end/>
    </animation>
    <animation direction="right">
      <frame index="9" offsetX="5" offsetY="-30" delay="140"/>
      <frame index="9" offsetX="2" offsetY="-33" delay="140"/>
      <frame index="9" offsetX="0" offsetY="-33" delay="140"/>
      <frame index="9" offsetX="6" offsetY="-29" delay="140"/>
      <end/>
    </animation>
  </action>
  <action name="attack_sword_stab" imageset="base">
    <animation direction="down">
      <frame index="0" offsetX="3" offsetY="-30" delay="100"/>
      <frame index="0" offsetX="3" offsetY="-31" delay="100"/>
      <frame index="0" offsetX="3" offsetY="-28" delay="100"/>
      <frame index="0" offsetX="3" offsetY="-27" delay="100"/>
      <end/>
    </animation>
    <animation direction="left">
      <frame index="3" offsetX="7" offsetY="-34" delay="100"/>
      <frame index="3" offsetX="7" offsetY="-35" delay="100"/>
      <frame index="3" offsetX="3" offsetY="-32" delay="100"/>
      <frame index="3" offsetX="2" offsetY="-31" delay="100"/>
      <end/>
    </animation>
    <animation direction="up">
      <frame index="6" offsetX="2" offsetY="-33" delay="300"/>
      <frame index="6" offsetX="2" offsetY="-31" delay="100"/>
      <end/>
    </animation>
    <animation direction="right">
      <frame index="9" offsetX="0" offsetY="-34" delay="100"/>
      <frame index="9" offsetX="0" offsetY="-35" delay="100"/>
      <frame index="9" offsetX="3" offsetY="-32" delay="100"/>
      <frame index="9" offsetX="4" offsetY="-31" delay="100"/>
      <end/>
    </animation>
  </action>
  <action name="attack_spear" imageset="base">
    <animation direction="down">
      <frame index="0" offsetX="1" offsetY="-32" delay="280"/>
      <frame index="0" offsetX="1" offsetY="-33" delay="140"/>
      <frame index="0" offsetX="1" offsetY="-27" delay="140"/>
      <end/>
    </animation>
    <animation direction="left">
      <frame index="3" offsetX="7" offsetY="-34" delay="140"/>
      <frame index="3" offsetX="10" offsetY="-32" delay="140"/>
      <frame index="3" offsetX="3" offsetY="-34" delay="140"/>
      <frame index="3" offsetX="3" offsetY="-31" delay="140"/>
      <end/>
    </animation>
    <animation direction="up">
      <frame index="6" offsetX="0" offsetY="-33" delay="140"/>
      <frame index="6" offsetX="1" offsetY="-33" delay="140"/>
      <frame index="6" offsetX="1" offsetY="-32" delay="140"/>
      <frame index="6" offsetX="0" offsetY="-37" delay="140"/>
      <end/>
    </animation>
    <animation direction="right">
      <frame index="9" offsetX="0" offsetY="-34" delay="140"/>
      <frame index="9" offsetX="-2" offsetY="-32" delay="140"/>
      <frame index="9" offsetX="4" offsetY="-34" delay="140"/>
      <frame index="9" offsetX="5" offsetY="-31" delay="140"/>
      <end/>
    </animation>
  </action>
  <action name="attack_chop" imageset="base">
    <animation direction="down">
      <frame index="0" offsetX="2" offsetY="-29" delay="280"/>
      <frame index="0" offsetX="2" offsetY="-31" delay="140"/>
      <frame index="0" offsetX="2" offsetY="-25" delay="140"/>
      <end/>
    </animation>
    <animation direction="left">
      <frame index="3" offsetX="6" offsetY="-34" delay="140"/>
      <frame index="3" offsetX="6" offsetY="-35" delay="280"/>
      <frame index="3" offsetX="1" offsetY="-31" delay="140"/>
      <end/>
    </animation>
    <animation direction="up">
      <frame index="6" offsetX="1" offsetY="-32" delay="140"/>
      <frame index="6" offsetX="1" offsetY="-31" delay="280"/>
      <frame index="6" offsetX="1" offsetY="-30" delay="140"/>
      <end/>
    </animation>
    <animation direction="right">
      <frame index="9" offsetX="0" offsetY="-34" delay="140"/>
      <frame index="9" offsetX="1" offsetY="-35" delay="280"/>
      <frame index="9" offsetX="6" offsetY="-31" delay="140"/>
      <end/>
    </animation>
  </action>
</sprite>
