<?xml version="1.0"?>
<sprite>
  <imageset height="40" name="base" src="graphics/sprites/hairstyles/hairstyle01-female.png|W;B;R" width="40"/>
  <action imageset="base" name="stand">
    <animation direction="down">
      <frame index="0" offsetX="0" offsetY="-29"/>
    </animation>
    <animation direction="left">
      <frame index="1" offsetX="0" offsetY="-29"/>
    </animation>
    <animation direction="up">
      <frame index="2" offsetX="-1" offsetY="-25"/>
    </animation>
    <animation direction="right">
      <frame index="3" offsetX="0" offsetY="-29"/>
    </animation>
  </action>
  <action imageset="base" name="walk">
    <animation direction="down">
      <frame delay="75" index="0" offsetX="0" offsetY="-28"/>
      <frame delay="150" index="0" offsetX="0" offsetY="-29"/>
      <frame delay="75" index="0" offsetX="0" offsetY="-28"/>
      <frame delay="150" index="0" offsetX="0" offsetY="-29"/>
    </animation>
    <animation direction="left">
      <frame delay="75" index="1" offsetX="0" offsetY="-29"/>
      <frame delay="75" index="1" offsetX="0" offsetY="-28"/>
      <frame delay="150" index="1" offsetX="0" offsetY="-29"/>
      <frame delay="75" index="1" offsetX="0" offsetY="-28"/>
      <frame delay="75" index="1" offsetX="0" offsetY="-29"/>
    </animation>
    <animation direction="up">
      <frame delay="75" index="2" offsetX="-1" offsetY="-25"/>
      <frame delay="150" index="2" offsetX="-1" offsetY="-26"/>
      <frame delay="75" index="2" offsetX="-1" offsetY="-25"/>
      <frame delay="150" index="2" offsetX="-1" offsetY="-26"/>
    </animation>
    <animation direction="right">
      <frame delay="75" index="3" offsetX="0" offsetY="-29"/>
      <frame delay="75" index="3" offsetX="0" offsetY="-28"/>
      <frame delay="150" index="3" offsetX="0" offsetY="-29"/>
      <frame delay="75" index="3" offsetX="0" offsetY="-28"/>
      <frame delay="75" index="3" offsetX="0" offsetY="-29"/>
    </animation>
  </action>
  <action imageset="base" name="attack">
    <animation direction="down">
      <frame delay="75" index="0" offsetX="0" offsetY="-27"/>
      <frame delay="75" index="0" offsetX="0" offsetY="-28"/>
      <frame delay="75" index="0" offsetX="0" offsetY="-25"/>
      <frame delay="75" index="0" offsetX="0" offsetY="-24"/>
      <end/>
    </animation>
    <animation direction="left">
      <frame delay="75" index="1" offsetX="4" offsetY="-30"/>
      <frame delay="75" index="1" offsetX="4" offsetY="-31"/>
      <frame delay="75" index="1" offsetX="0" offsetY="-28"/>
      <frame delay="75" index="1" offsetX="-1" offsetY="-27"/>
      <end/>
    </animation>
    <animation direction="up">
      <frame delay="225" index="2" offsetX="-2" offsetY="-25"/>
      <frame delay="75" index="2" offsetX="-2" offsetY="-23"/>
      <end/>
    </animation>
    <animation direction="right">
      <frame delay="75" index="3" offsetX="-3" offsetY="-30"/>
      <frame delay="75" index="3" offsetX="-3" offsetY="-31"/>
      <frame delay="75" index="3" offsetX="0" offsetY="-28"/>
      <frame delay="75" index="3" offsetX="1" offsetY="-27"/>
      <end/>
    </animation>
  </action>
  <action imageset="base" name="attack_bow">
    <animation direction="down">
      <frame delay="225" index="0" offsetX="0" offsetY="-28"/>
      <frame delay="75" index="0" offsetX="0" offsetY="-27"/>
      <frame delay="75" index="0" offsetX="0" offsetY="-28"/>
      <end/>
    </animation>
    <animation direction="left">
      <frame delay="225" index="1" offsetX="3" offsetY="-29"/>
      <frame delay="150" index="1" offsetX="5" offsetY="-30"/>
      <end/>
    </animation>
    <animation direction="up">
      <frame delay="225" index="2" offsetX="-1" offsetY="-25"/>
      <frame delay="75" index="2" offsetX="-2" offsetY="-24"/>
      <frame delay="75" index="2" offsetX="-2" offsetY="-25"/>
      <end/>
    </animation>
    <animation direction="right">
      <frame delay="225" index="3" offsetX="-3" offsetY="-29"/>
      <frame delay="150" index="3" offsetX="-5" offsetY="-30"/>
      <end/>
    </animation>
  </action>
  <action imageset="base" name="sit">
    <animation direction="down">
      <frame index="0" offsetX="0" offsetY="-17"/>
    </animation>
    <animation direction="left">
      <frame index="1" offsetX="4" offsetY="-20"/>
    </animation>
    <animation direction="up">
      <frame index="2" offsetX="0" offsetY="-17"/>
    </animation>
    <animation direction="right">
      <frame index="3" offsetX="-6" offsetY="-20"/>
    </animation>
  </action>
  <action imageset="base" name="dead">
    <animation direction="default">
      <frame index="4" offsetX="21" offsetY="-4"/>
    </animation>
  </action>
  <action name="attack_2hand" imageset="base">
    <animation direction="down">
      <frame index="0" offsetX="-1" offsetY="-26" delay="140"/>
      <frame index="0" offsetX="-1" offsetY="-23" delay="140"/>
      <frame index="0" offsetX="-1" offsetY="-28" delay="140"/>
      <frame index="0" offsetX="-1" offsetY="-22" delay="140"/>
      <end/>
    </animation>
    <animation direction="left">
      <frame index="1" offsetX="-1" offsetY="-26" delay="140"/>
      <frame index="1" offsetX="2" offsetY="-29" delay="140"/>
      <frame index="1" offsetX="4" offsetY="-29" delay="140"/>
      <frame index="1" offsetX="-3" offsetY="-25" delay="140"/>
      <end/>
    </animation>
    <animation direction="up">
      <frame index="2" offsetX="-3" offsetY="-24" delay="280"/>
      <frame index="2" offsetX="-3" offsetY="-22" delay="140"/>
      <frame index="2" offsetX="-2" offsetY="-25" delay="140"/>
      <end/>
    </animation>
    <animation direction="right">
      <frame index="3" offsetX="2" offsetY="-26" delay="140"/>
      <frame index="3" offsetX="-1" offsetY="-29" delay="140"/>
      <frame index="3" offsetX="-3" offsetY="-29" delay="140"/>
      <frame index="3" offsetX="3" offsetY="-25" delay="140"/>
      <end/>
    </animation>
  </action>
  <action name="attack_sword_stab" imageset="base">
    <animation direction="down">
      <frame index="0" offsetX="0" offsetY="-27" delay="100"/>
      <frame index="0" offsetX="0" offsetY="-28" delay="100"/>
      <frame index="0" offsetX="0" offsetY="-25" delay="100"/>
      <frame index="0" offsetX="0" offsetY="-24" delay="100"/>
      <end/>
    </animation>
    <animation direction="left">
      <frame index="1" offsetX="4" offsetY="-30" delay="100"/>
      <frame index="1" offsetX="4" offsetY="-31" delay="100"/>
      <frame index="1" offsetX="0" offsetY="-28" delay="100"/>
      <frame index="1" offsetX="-1" offsetY="-27" delay="100"/>
      <end/>
    </animation>
    <animation direction="up">
      <frame index="2" offsetX="-2" offsetY="-25" delay="300"/>
      <frame index="2" offsetX="-2" offsetY="-23" delay="100"/>
      <end/>
    </animation>
    <animation direction="right">
      <frame index="3" offsetX="-3" offsetY="-30" delay="100"/>
      <frame index="3" offsetX="-3" offsetY="-31" delay="100"/>
      <frame index="3" offsetX="0" offsetY="-28" delay="100"/>
      <frame index="3" offsetX="1" offsetY="-27" delay="100"/>
      <end/>
    </animation>
  </action>
  <action name="attack_spear" imageset="base">
    <animation direction="down">
      <frame index="0" offsetX="-2" offsetY="-29" delay="280"/>
      <frame index="0" offsetX="-2" offsetY="-30" delay="140"/>
      <frame index="0" offsetX="-2" offsetY="-24" delay="140"/>
      <end/>
    </animation>
    <animation direction="left">
      <frame index="1" offsetX="4" offsetY="-30" delay="140"/>
      <frame index="1" offsetX="7" offsetY="-28" delay="140"/>
      <frame index="1" offsetX="0" offsetY="-30" delay="140"/>
      <frame index="1" offsetX="0" offsetY="-27" delay="140"/>
      <end/>
    </animation>
    <animation direction="up">
      <frame index="2" offsetX="-4" offsetY="-25" delay="140"/>
      <frame index="2" offsetX="-3" offsetY="-25" delay="140"/>
      <frame index="2" offsetX="-3" offsetY="-24" delay="140"/>
      <frame index="2" offsetX="-4" offsetY="-29" delay="140"/>
      <end/>
    </animation>
    <animation direction="right">
      <frame index="3" offsetX="-3" offsetY="-30" delay="140"/>
      <frame index="3" offsetX="-5" offsetY="-28" delay="140"/>
      <frame index="3" offsetX="1" offsetY="-30" delay="140"/>
      <frame index="3" offsetX="2" offsetY="-27" delay="140"/>
      <end/>
    </animation>
  </action>
  <action name="attack_chop" imageset="base">
    <animation direction="down">
      <frame index="0" offsetX="-1" offsetY="-26" delay="280"/>
      <frame index="0" offsetX="-1" offsetY="-28" delay="140"/>
      <frame index="0" offsetX="-1" offsetY="-22" delay="140"/>
      <end/>
    </animation>
    <animation direction="left">
      <frame index="1" offsetX="3" offsetY="-30" delay="140"/>
      <frame index="1" offsetX="3" offsetY="-31" delay="280"/>
      <frame index="1" offsetX="-2" offsetY="-27" delay="140"/>
      <end/>
    </animation>
    <animation direction="up">
      <frame index="2" offsetX="-3" offsetY="-24" delay="140"/>
      <frame index="2" offsetX="-3" offsetY="-23" delay="280"/>
      <frame index="2" offsetX="-3" offsetY="-22" delay="140"/>
      <end/>
    </animation>
    <animation direction="right">
      <frame index="3" offsetX="-3" offsetY="-30" delay="140"/>
      <frame index="3" offsetX="-2" offsetY="-31" delay="280"/>
      <frame index="3" offsetX="3" offsetY="-27" delay="140"/>
      <end/>
    </animation>
  </action>
</sprite>
