<?xml version="1.0"?>
<!--
    Sparks and blue orbs raising slowly above the caster
-->
<effect>
  <particle position-x="0" position-y="0" position-z="16" lifetime="1">
    <emitter>
      <property name="position-z" min="0" max="32"/>
      <property name="position-y" min="-32" max="32"/>
      <property name="position-x" min="-16" max="16"/>
      <property name="vertical-angle" min="0" max="0"/>
      <property name="power" value="5"/>
      <property name="lifetime" value="1"/>
      <property name="output" value="130"/>
      <emitter>
        <property name="gravity" value="0.1"/>
        <property name="image" value="graphics/particles/star-small.png|W:#A3EAFF,FFFFFF"/>
        <property name="lifetime" value="400"/>
        <property name="fade-in" value="10"/>
        <property name="fade-out" value="90"/>
        <property name="output" min="0" max="1"/>
        <property name="power" min="0" max="6"/>
        <property name="bounce" min="0" max="0.8"/>
        <property name="horizontal-angle" min="0" max="360"/>
      </emitter>
      <emitter>
        <property name="gravity" value="0.1"/>
        <property name="image" value="graphics/particles/star-small.png|W:#262B2F,333333"/>
        <property name="lifetime" value="400"/>
        <property name="fade-in" value="10"/>
        <property name="fade-out" value="90"/>
        <property name="output" min="0" max="1"/>
        <property name="power" min="0" max="6"/>
        <property name="bounce" min="0" max="0.8"/>
        <property name="horizontal-angle" min="0" max="360"/>
      </emitter>
    </emitter>
    <emitter>
      <property name="position-z" min="14" max="18"/>
      <property name="position-y" min="-8" max="8"/>
      <property name="position-x" min="-8" max="8"/>
      <property name="vertical-angle" min="0" max="0"/>
      <property name="power" value="5"/>
      <property name="lifetime" value="1"/>
      <property name="output" value="60"/>
      <emitter>
        <property name="position-y" min="16" max="32"/>
        <property name="gravity" value="-0.11"/>
        <property name="image" value="graphics/particles/star-small.png|W:#CDF5FF,FFFFFF"/>
        <property name="lifetime" value="100"/>
        <property name="fade-in" value="10"/>
        <property name="fade-out" value="90"/>
        <property name="output" min="0" max="1"/>
        <property name="power" min="4" max="8"/>
        <property name="bounce" min="0" max="0.6"/>
        <property name="horizontal-angle" min="0" max="360"/>
      </emitter>
      <emitter>
        <property name="image" value="graphics/particles/orb-small.png|W:#A0CDF4"/>
        <property name="lifetime" value="90"/>
        <property name="fade-in" value="10"/>
        <property name="fade-out" value="90"/>
        <property name="output" min="0" max="1"/>
        <property name="power" min="2" max="6"/>
        <property name="horizontal-angle" min="-15" max="-175"/>
        <property name="momentum" value="0.95"/>
        <property name="randomness" value="200"/>
        <property name="vertical-angle" min="0" max="90"/>
      </emitter>
      <emitter>
        <property name="image" value="graphics/particles/orb-medium.png|W:#83C0F4"/>
        <property name="lifetime" value="90"/>
        <property name="fade-in" value="10"/>
        <property name="fade-out" value="90"/>
        <property name="output" min="0" max="1"/>
        <property name="power" min="2" max="6"/>
        <property name="horizontal-angle" min="-15" max="-175"/>
        <property name="momentum" value="0.95"/>
        <property name="randomness" value="200"/>
        <property name="vertical-angle" min="0" max="90"/>
      </emitter>
      <emitter>
        <property name="image" value="graphics/particles/star-small.png|W:#262B2F,333333"/>
        <property name="lifetime" value="90"/>
        <property name="fade-in" value="10"/>
        <property name="fade-out" value="90"/>
        <property name="output" min="0" max="1"/>
        <property name="power" min="2" max="6"/>
        <property name="horizontal-angle" min="-15" max="-175"/>
        <property name="momentum" value="0.95"/>
        <property name="randomness" value="200"/>
        <property name="vertical-angle" min="0" max="90"/>
      </emitter>
      <emitter>
        <property name="gravity" value="-0.1"/>
        <property name="image" value="graphics/particles/vline-small.png|W:#A3EAFF"/>
        <property name="lifetime" value="100"/>
        <property name="fade-in" value="10"/>
        <property name="fade-out" value="90"/>
        <property name="output" min="0" max="1"/>
        <property name="vertical-angle" value="90"/>
        <property name="power" min="0" max="8"/>
      </emitter>
    </emitter>
  </particle>
</effect>
