<?xml version="1.0"?>
<!--
    Blue lines raising to the sky
-->
<effect>
  <particle position-x="0" position-y="0" position-z="20" lifetime="1">
    <emitter>
      <property name="position-z" min="-32" max="32"/>
      <property name="position-y" min="-32" max="32"/>
      <property name="position-x" min="-16" max="16"/>
      <property name="horizontal-angle" min="0" max="360"/>
      <property name="vertical-angle" min="0" max="0"/>
      <property name="power" value="10"/>
      <property name="lifetime" value="1"/>
      <property name="output" value="300"/>
      <emitter>
        <property name="gravity" value="-0.1"/>
        <property name="image" value="graphics/particles/vline-small.png|W:#A3EAFF"/>
        <property name="lifetime" value="100"/>
        <property name="fade-in" value="10"/>
        <property name="fade-out" value="90"/>
        <property name="output" min="0" max="1"/>
        <property name="vertical-angle" value="90"/>
        <property name="power" min="0" max="4"/>
      </emitter>
    </emitter>
  </particle>
</effect>
