<?xml version="1.0"?>
<!--
    Sparks and dark orbs raising slowly above the caster
-->
<effect>
  <particle position-x="0" position-y="0" position-z="16" lifetime="1">
    <emitter>
      <property name="position-z" min="14" max="18"/>
      <property name="position-y" min="-8" max="8"/>
      <property name="position-x" min="-8" max="8"/>
      <property name="vertical-angle" min="0" max="0"/>
      <property name="power" value="5"/>
      <property name="lifetime" value="1"/>
      <property name="output" value="64"/>
      <emitter>
        <property name="image" value="graphics/particles/orb-large.png|W:#401c52"/>
        <property name="lifetime" value="90"/>
        <property name="fade-in" value="10"/>
        <property name="fade-out" value="90"/>
        <property name="output" min="0" max="1"/>
        <property name="power" min="0" max="4"/>
        <property name="horizontal-angle" min="-15" max="-175"/>
        <property name="momentum" value="0.95"/>
        <property name="randomness" value="200"/>
        <property name="vertical-angle" min="0" max="90"/>
      </emitter>
      <emitter>
        <property name="image" value="graphics/particles/star-small.png|W:#512C75,222222"/>
        <property name="lifetime" value="90"/>
        <property name="fade-in" value="10"/>
        <property name="fade-out" value="90"/>
        <property name="output" min="0" max="1"/>
        <property name="power" min="0" max="4"/>
        <property name="horizontal-angle" min="-15" max="-175"/>
        <property name="momentum" value="0.95"/>
        <property name="randomness" value="200"/>
        <property name="vertical-angle" min="0" max="90"/>
      </emitter>
      <emitter>
        <animation imageset="graphics/particles/electricity.particle.png|W:#333333" width="15" height="15">
          <sequence start="0" end="7" delay="10"/>
          <frame index="0" delay="10"/>
        </animation>
        <property name="lifetime" value="90"/>
        <property name="fade-in" value="10"/>
        <property name="fade-out" value="90"/>
        <property name="output" min="0" max="1"/>
        <property name="power" min="0" max="4"/>
        <property name="horizontal-angle" min="-15" max="-175"/>
        <property name="momentum" value="0.95"/>
        <property name="randomness" value="200"/>
        <property name="vertical-angle" min="0" max="90"/>
      </emitter>
    </emitter>
  </particle>
</effect>
