<?xml version="1.0"?>
<!--
Fancy fireworks effect which fills the whole screen.
-->
<effect>
  <particle position-x="0" position-y="0" position-z="32">
    <emitter>
      <property name="position-x" min="0" max="32"/>
      <property name="position-y" min="0" max="32"/>
      <property name="position-z" min="0" max="32"/>
      <property name="image" value="graphics/particles/star-medium.png|W:#00ffff,ffffff"/>
      <property name="horizontal-angle" min="0" max="360"/>
      <property name="vertical-angle" min="45" max="90"/>
      <property name="power" min="6" max="7"/>
      <property name="gravity" value="0.1"/>
      <property name="lifetime" value="300"/>
      <property name="output" min="0" max="1"/>
      <emitter>
        <property name="position-x" value="0"/>
        <property name="position-y" value="0"/>
        <property name="position-z" value="0"/>
        <property name="image" value="graphics/particles/star-small.png|W:#00ffff,ffffff"/>
        <property name="horizontal-angle" min="0" max="360"/>
        <property name="vertical-angle" min="0" max="360"/>
        <property name="power" value="1"/>
        <property name="randomness" value="100"/>
        <property name="lifetime" min="20" max="30"/>
        <property name="output" min="0" max="1"/>
      </emitter>
    </emitter>
  </particle>
</effect>
