<?xml version="1.0"?>
<effect>
  <particle position-x="0" position-y="0" position-z="0" lifetime="1200">
    <emitter>
      <property name="position-x" min="-8" max="8"/>
      <property name="position-y" min="-8" max="8"/>
      <property name="vertical-angle" min="45" max="60"/>
      <property name="horizontal-angle" min="0" max="360"/>
      <property name="power" min="0" max="0.8"/>
      <property name="gravity" value="0.01"/>
      <property name="image" value="graphics/particles/fog-medium-a.png"/>
      <property name="lifetime" min="7" max="18"/>
      <property name="fade-out" value="6"/>
      <property name="bounce" value="0.8"/>
    </emitter>
    <emitter>
      <property name="position-x" min="-10" max="10"/>
      <property name="position-y" min="-10" max="10"/>
      <property name="position-z" min="30" max="40"/>
      <property name="vertical-angle" min="15" max="40"/>
      <property name="horizontal-angle" min="0" max="360"/>
      <property name="power" min="0" max="0.7"/>
      <property name="gravity" value="0.001"/>
      <property name="image" value="graphics/particles/blaze.png"/>
      <property name="lifetime" min="0" max="14"/>
      <property name="fade-out" value="10"/>
    </emitter>
  </particle>
</effect>
