<?xml version="1.0"?>
<!--
    Luvia's missile attack
-->
<effect>
  <particle position-x="0" position-y="0" position-z="32" lifetime="102">
    <emitter>
      <property name="image" value="graphics/particles/star-small.png|W:#60DAFF,FFFFFF"/>
      <property name="lifetime" value="50"/>
      <property name="fade-out" value="90"/>
      <property name="output" min="3" max="5"/>
      <property name="power" min="1" max="6"/>
      <property name="horizontal-angle" min="-15" max="-175"/>
      <property name="momentum" value="0.95"/>
      <property name="randomness" value="200"/>
      <property name="vertical-angle" min="0" max="90"/>
    </emitter>
    <emitter>
      <property name="image" value="graphics/particles/orb-large.png|W:#130F16"/>
      <property name="lifetime" value="60"/>
      <property name="fade-out" value="90"/>
      <property name="output" min="0" max="1"/>
      <property name="power" min="0" max="1"/>
      <property name="horizontal-angle" min="-10" max="-10"/>
      <property name="momentum" value="0.95"/>
      <property name="randomness" value="200"/>
      <property name="vertical-angle" min="0" max="90"/>
    </emitter>
    <emitter>
      <animation imageset="graphics/particles/electricity.particle.png|W:#333333" width="15" height="15">
        <sequence start="0" end="7" delay="10"/>
        <frame index="0" delay="10"/>
      </animation>
      <property name="lifetime" value="50"/>
      <property name="fade-out" value="90"/>
      <property name="output" min="2" max="3"/>
      <property name="power" min="1" max="4"/>
      <property name="horizontal-angle" min="-15" max="-175"/>
      <property name="momentum" value="0.95"/>
      <property name="randomness" value="200"/>
      <property name="vertical-angle" min="0" max="90"/>
    </emitter>
  </particle>
</effect>
