<?xml version="1.0"?>
<!--
Wight blaze:  inspired by Demon fire
-->
<effect>
  <particle position-x="10" position-y="0" position-z="47">
    <emitter>
      <property name="position-y" min="-10" max="-20"/>
      <property name="horizontal-angle" min="0" max="360"/>
      <property name="vertical-angle" min="300" max="60"/>
      <property name="power" min="0.4" max="1.2"/>
      <property name="gravity" value=".02"/>
      <animation imageset="graphics/particles/aniblaze-medium.png|W:#440808" width="16" height="16">
        <sequence start="0" end="8" delay="90"/>
        <frame index="14" delay="200"/>
      </animation>
      <property name="lifetime" value="120"/>
      <property name="output" min="1" max="3"/>
      <property name="fade-in" value="25"/>
      <property name="fade-out" value="200"/>
    </emitter>
    <emitter>
      <property name="position-y" value="-10"/>
      <property name="horizontal-angle" min="0" max="360"/>
      <property name="vertical-angle" min="300" max="60"/>
      <property name="power" min="0.4" max="1.2"/>
      <property name="gravity" value=".02"/>
      <property name="image" value="graphics/particles/fog-medium-a.png|W:#994040"/>
      <property name="lifetime" value="100"/>
      <property name="output" min="1" max="3"/>
      <property name="fade-in" value="25"/>
      <property name="fade-out" value="200"/>
    </emitter>
    <emitter>
      <property name="position-x" min="2" max="4"/>
      <property name="position-y" value="-8"/>
      <property name="horizontal-angle" min="0" max="360"/>
      <property name="vertical-angle" min="300" max="60"/>
      <property name="power" min="0.4" max="1.2"/>
      <property name="gravity" value=".02"/>
      <property name="image" value="graphics/particles/star-small.png|W:#994040,5b0000"/>
      <property name="lifetime" value="110"/>
      <property name="output" value="2"/>
      <property name="fade-in" value="0"/>
      <property name="fade-out" value="300"/>
    </emitter>
    <emitter>
      <property name="position-x" min="-3" max="4"/>
      <property name="position-y" value="-9"/>
      <property name="horizontal-angle" min="0" max="360"/>
      <property name="vertical-angle" min="300" max="60"/>
      <property name="power" min="0.4" max="1.2"/>
      <property name="gravity" value=".02"/>
      <property name="image" value="graphics/particles/orb-medium.png|W:#bc0000"/>
      <property name="lifetime" value="120"/>
      <property name="output" value="2"/>
      <property name="fade-in" value="0"/>
      <property name="fade-out" value="300"/>
    </emitter>
  </particle>
</effect>
