<?xml version="1.0"?>
<!--
    Small green orbs and orange stars swirling around the player.
-->
<effect>
  <particle position-x="0" position-y="0" position-z="16" lifetime="1">
    <emitter>
      <property name="position-z" min="14" max="18"/>
      <property name="position-y" min="-8" max="8"/>
      <property name="position-x" min="-8" max="8"/>
      <property name="vertical-angle" min="0" max="0"/>
      <property name="power" value="3"/>
      <property name="lifetime" value="1"/>
      <property name="output" value="16"/>
      <emitter>
        <property name="image" value="graphics/particles/orb-small.png|W:#57CA00"/>
        <property name="lifetime" value="70"/>
        <property name="output" min="1" max="2"/>
        <property name="power" min="0" max="2"/>
        <property name="horizontal-angle" min="-15" max="-175"/>
        <property name="momentum" value="0.95"/>
        <property name="randomness" value="100"/>
        <property name="vertical-angle" min="0" max="90"/>
      </emitter>
      <emitter>
        <property name="image" value="graphics/particles/star-small.png|W:#FF6633,FFFFFF"/>
        <property name="lifetime" value="70"/>
        <property name="output" min="1" max="2"/>
        <property name="power" min="0" max="2"/>
        <property name="horizontal-angle" min="-15" max="-175"/>
        <property name="momentum" value="0.95"/>
        <property name="randomness" value="100"/>
        <property name="vertical-angle" min="0" max="90"/>
      </emitter>
    </emitter>
  </particle>
</effect>
