<?xml version="1.0"?>
<!--
Fancy fireworks effect which fills the whole screen.
-->
<effect>
  <particle position-x="0" position-y="0" position-z="1" size-adjustable="true">
    <emitter>
      <property name="position-x" min="0" max="32"/>
      <property name="position-y" min="0" max="48"/>
      <property name="image" value="graphics/particles/star-medium.png"/>
      <property name="gravity" value="-0.03"/>
      <property name="lifetime" value="50"/>
      <property name="output" min="0" max="1"/>
      <property name="output-pause" min="10" max="15"/>
      <property name="fade-in" value="10"/>
      <property name="fade-out" value="10"/>
    </emitter>
  </particle>
</effect>
