<?xml version="1.0" encoding="utf-8"?>
<!-- Author: Micksha -->
<sprite>
  <imageset name="icon" src="graphics/badges/guilds/crc.png" width="16" height="16" offsetY="0"/>
  <action name="default" imageset="icon">
    <animation direction="default">
      <frame index="00" delay="10000"/>
      <frame index="01" delay="200"/>
      <frame index="02" delay="150"/>
      <frame index="03" delay="150"/>
      <frame index="04" delay="150"/>
      <frame index="05" delay="150"/>
      <frame index="06" delay="150"/>
      <frame index="07" delay="150"/>
      <frame index="08" delay="5000"/>
      <frame index="09" delay="200"/>
      <frame index="10" delay="150"/>
      <frame index="11" delay="150"/>
      <frame index="12" delay="150"/>
      <frame index="13" delay="150"/>
      <frame index="14" delay="3500"/>
      <frame index="15" delay="200"/>
      <frame index="16" delay="150"/>
      <frame index="17" delay="150"/>
      <frame index="18" delay="150"/>
      <frame index="19" delay="150"/>
      <frame index="20" delay="1000"/>
      <frame index="21" delay="200"/>
      <frame index="22" delay="150"/>
      <frame index="23" delay="150"/>
      <frame index="24" delay="150"/>
      <frame index="25" delay="150"/>
      <frame index="26" delay="150"/>
    </animation>
  </action>
</sprite>
