<?xml version="1.0"?>
<!-- Copyright 2011 The Mana World Development Team -->
<!-- See documentation at: http://manaplus.org/skills.xml -->
<skills>
  <its:rules xmlns:its="http://www.w3.org/2005/11/its" version="1.0">
    <its:translateRule selector="//set/@name" translate="yes"/>
    <its:translateRule selector="//set/skill/@name" translate="yes"/>
    <its:translateRule selector="//set/skill/@description" translate="yes"/>
    <its:translateRule selector="//*" translate="no"/>
  </its:rules>
  <!-- Note: All descriptions need to be *very* short because Manaplus doesn't offer much space to show them. -->
  <set name="Basic">
    <!-- Basic Skills are available right from the start. -->
    <skill id="1" name="Emote" icon="graphics/skills/basic/emote.png" description="Allows you to use emotes." alwaysVisible="true"/>
    <skill id="2" name="Trade" icon="graphics/skills/basic/trade.png" description="You can trade with others." alwaysVisible="true"/>
    <skill id="3" name="Party" level="1" icon="graphics/skills/basic/party.png" description="Join a Party." alwaysVisible="true"/>
    <skill id="3" name="Party" level="2" icon="graphics/skills/basic/party.png" description="Join or create a Party." alwaysVisible="true"/>
  </set>
  <set name="Magic">
    <!-- The descriptions might look obvious but players should get a small hint that -->
    <!-- e.g. without level 2 in Life Magic they can't cast level 2 spells of that school. -->
    <skill id="340" name="Magic" level="1" icon="graphics/skills/magic/basic.png" description="Cast Lvl 1 magic spells."/>
    <skill id="340" name="Magic" level="2" icon="graphics/skills/magic/basic.png" description="Cast Lvl 2 magic spells."/>
    <skill id="340" name="Magic" level="3" icon="graphics/skills/magic/basic.png" description="Cast Lvl 3 magic spells."/>
    <skill id="340" name="Magic" level="4" icon="graphics/skills/magic/basic.png" description="Cast Lvl 4 magic spells."/>
    <skill id="340" name="Magic" level="5" icon="graphics/skills/magic/basic.png" description="Cast Lvl 5 magic spells."/>
    <skill id="341" name="Life Magic" level="1" icon="graphics/skills/magic/life.png" description="Cast Lvl 1 Life Magic spells."/>
    <skill id="341" name="Life Magic" level="2" icon="graphics/skills/magic/life.png" description="Cast Lvl 2 Life Magic spells."/>
    <skill id="341" name="Life Magic" level="3" icon="graphics/skills/magic/life.png" description="Cast Lvl 3 Life Magic spells."/>
    <skill id="341" name="Life Magic" level="4" icon="graphics/skills/magic/life.png" description="Cast Lvl 4 Life Magic spells."/>
    <skill id="341" name="Life Magic" level="5" icon="graphics/skills/magic/life.png" description="Cast Lvl 5 Life Magic spells."/>
    <skill id="342" name="War Magic" level="1" icon="graphics/skills/magic/war.png" description="Cast Lvl 1 War Magic spells."/>
    <skill id="342" name="War Magic" level="2" icon="graphics/skills/magic/war.png" description="Cast Lvl 2 War Magic spells."/>
    <skill id="342" name="War Magic" level="3" icon="graphics/skills/magic/war.png" description="Cast Lvl 3 War Magic spells."/>
    <skill id="342" name="War Magic" level="4" icon="graphics/skills/magic/war.png" description="Cast Lvl 4 War Magic spells."/>
    <skill id="342" name="War Magic" level="5" icon="graphics/skills/magic/war.png" description="Cast Lvl 5 War Magic spells."/>
    <skill id="343" name="Transmutation Magic" level="1" icon="graphics/skills/magic/transmutation.png" description="Cast Lvl 1 Transmut. Magic spells."/>
    <skill id="343" name="Transmutation Magic" level="2" icon="graphics/skills/magic/transmutation.png" description="Cast Lvl 2 Transmut. Magic spells."/>
    <skill id="343" name="Transmutation Magic" level="3" icon="graphics/skills/magic/transmutation.png" description="Cast Lvl 3 Transmut. Magic spells."/>
    <skill id="343" name="Transmutation Magic" level="4" icon="graphics/skills/magic/transmutation.png" description="Cast Lvl 4 Transmut. Magic spells."/>
    <skill id="343" name="Transmutation Magic" level="5" icon="graphics/skills/magic/transmutation.png" description="Cast Lvl 5 Transmut. Magic spells."/>
    <skill id="344" name="Nature Magic" level="1" icon="graphics/skills/magic/nature.png" description="Cast Lvl 1 Nature Magic spells."/>
    <skill id="344" name="Nature Magic" level="2" icon="graphics/skills/magic/nature.png" description="Cast Lvl 2 Nature Magic spells."/>
    <skill id="344" name="Nature Magic" level="3" icon="graphics/skills/magic/nature.png" description="Cast Lvl 3 Nature Magic spells."/>
    <skill id="344" name="Nature Magic" level="4" icon="graphics/skills/magic/nature.png" description="Cast Lvl 4 Nature Magic spells."/>
    <skill id="344" name="Nature Magic" level="5" icon="graphics/skills/magic/nature.png" description="Cast Lvl 5 Nature Magic spells."/>
    <skill id="345" name="Astral Magic" level="1" icon="graphics/skills/magic/astral.png" description="Cast Lvl 1 Astral Magic spells."/>
    <skill id="345" name="Astral Magic" level="2" icon="graphics/skills/magic/astral.png" description="Cast Lvl 2 Astral Magic spells."/>
    <skill id="345" name="Astral Magic" level="3" icon="graphics/skills/magic/astral.png" description="Cast Lvl 3 Astral Magic spells."/>
    <skill id="345" name="Astral Magic" level="4" icon="graphics/skills/magic/astral.png" description="Cast Lvl 4 Astral Magic spells."/>
    <skill id="345" name="Astral Magic" level="5" icon="graphics/skills/magic/astral.png" description="Cast Lvl 5 Astral Magic spells."/>
    <skill id="346" name="Dark Magic" level="1" icon="graphics/skills/magic/dark.png" description="Cast Lvl 1 Dark Magic spells."/>
    <skill id="346" name="Dark Magic" level="2" icon="graphics/skills/magic/dark.png" description="Cast Lvl 2 Dark Magic spells."/>
    <skill id="346" name="Dark Magic" level="3" icon="graphics/skills/magic/dark.png" description="Cast Lvl 3 Dark Magic spells."/>
    <skill id="346" name="Dark Magic" level="4" icon="graphics/skills/magic/dark.png" description="Cast Lvl 4 Dark Magic spells."/>
    <skill id="346" name="Dark Magic" level="5" icon="graphics/skills/magic/dark.png" description="Cast Lvl 5 Dark Magic spells."/>
  </set>
  <set name="Focus">
    <skill id="339" name="Focusing" icon="graphics/skills/focus/focus.png" description="Luca can activate one Focus Skill."/>
    <skill id="45" name="Mallards Eye" icon="graphics/skills/focus/mallardseye.png" description="Increases accuracy and range."/>
    <skill id="350" name="Brawling" icon="graphics/skills/focus/brawling.png" description="Your fists hit harder."/>
    <skill id="351" name="Lucky Counter" icon="graphics/skills/unknown.png" description="???"/>
    <skill id="352" name="Speed" icon="graphics/skills/focus/speed.png" description="Faster walking and attacking."/>
    <skill id="353" name="Resist Poison" icon="graphics/skills/focus/resistpoison.png" description="Lower chance to get poisoned."/>
    <skill id="354" name="Astral Soul" icon="graphics/skills/focus/astralsoul.png" description="Increases your Magic Attack."/>
    <skill id="355" name="Raging" icon="graphics/skills/focus/raging.png" description="Higher chance for critical hits."/>
  </set>
</skills>
