<?xml version="1.0"?>
<npcs>
  <include name="npcs/npc100.xml"/>
  <include name="npcs/npc101.xml"/>
  <include name="npcs/npc102.xml"/>
  <include name="npcs/npc103.xml"/>
  <include name="npcs/npc104.xml"/>
  <include name="npcs/npc105.xml"/>
  <include name="npcs/npc106.xml"/>
  <include name="npcs/npc107.xml"/>
  <include name="npcs/npc108.xml"/>
  <include name="npcs/npc109.xml"/>
  <include name="npcs/npc110.xml"/>
  <include name="npcs/npc111.xml"/>
  <include name="npcs/npc112.xml"/>
  <include name="npcs/npc113.xml"/>
  <include name="npcs/npc114.xml"/>
  <include name="npcs/npc115.xml"/>
  <include name="npcs/npc116.xml"/>
  <include name="npcs/npc117.xml"/>
  <include name="npcs/npc118.xml"/>
  <include name="npcs/npc119.xml"/>
  <include name="npcs/npc120.xml"/>
  <include name="npcs/npc121.xml"/>
  <include name="npcs/npc122.xml"/>
  <include name="npcs/npc123.xml"/>
  <include name="npcs/npc124.xml"/>
  <include name="npcs/npc125.xml"/>
  <include name="npcs/npc126.xml"/>
  <include name="npcs/npc127.xml"/>
  <include name="npcs/npc128.xml"/>
  <include name="npcs/npc129.xml"/>
  <include name="npcs/npc130.xml"/>
  <include name="npcs/npc131.xml"/>
  <include name="npcs/npc132.xml"/>
  <include name="npcs/npc133.xml"/>
  <include name="npcs/npc134.xml"/>
  <include name="npcs/npc135.xml"/>
  <include name="npcs/npc136.xml"/>
  <include name="npcs/npc137.xml"/>
  <include name="npcs/npc138.xml"/>
  <include name="npcs/npc139.xml"/>
  <include name="npcs/npc140.xml"/>
  <include name="npcs/npc141.xml"/>
  <include name="npcs/npc142.xml"/>
  <include name="npcs/npc143.xml"/>
  <include name="npcs/npc144.xml"/>
  <include name="npcs/npc145.xml"/>
  <include name="npcs/npc146.xml"/>
  <include name="npcs/npc147.xml"/>
  <include name="npcs/npc148.xml"/>
  <include name="npcs/npc149.xml"/>
  <include name="npcs/npc150.xml"/>
  <include name="npcs/npc151.xml"/>
  <include name="npcs/npc152.xml"/>
  <include name="npcs/npc153.xml"/>
  <include name="npcs/npc154.xml"/>
  <include name="npcs/npc155.xml"/>
  <include name="npcs/npc156.xml"/>
  <include name="npcs/npc157.xml"/>
  <include name="npcs/npc158.xml"/>
  <include name="npcs/npc159.xml"/>
  <include name="npcs/npc160.xml"/>
  <include name="npcs/npc161.xml"/>
  <include name="npcs/npc162.xml"/>
  <include name="npcs/npc163.xml"/>
  <include name="npcs/npc164.xml"/>
  <include name="npcs/npc165.xml"/>
  <include name="npcs/npc166.xml"/>
  <include name="npcs/npc167.xml"/>
  <include name="npcs/npc168.xml"/>
  <include name="npcs/npc169.xml"/>
  <include name="npcs/npc171.xml"/>
  <include name="npcs/npc172.xml"/>
  <include name="npcs/npc173.xml"/>
  <include name="npcs/npc174.xml"/>
  <include name="npcs/npc175.xml"/>
  <include name="npcs/npc176.xml"/>
  <include name="npcs/npc177.xml"/>
  <include name="npcs/npc178.xml"/>
  <include name="npcs/npc179.xml"/>
  <include name="npcs/npc180.xml"/>
  <include name="npcs/npc181.xml"/>
  <include name="npcs/npc182.xml"/>
  <include name="npcs/npc183.xml"/>
  <include name="npcs/npc184.xml"/>
  <include name="npcs/npc185.xml"/>
  <include name="npcs/npc186.xml"/>
  <include name="npcs/npc187.xml"/>
  <include name="npcs/npc188.xml"/>
  <include name="npcs/npc189.xml"/>
  <include name="npcs/npc190.xml"/>
  <include name="npcs/npc191.xml"/>
  <include name="npcs/npc192.xml"/>
  <include name="npcs/npc193.xml"/>
  <include name="npcs/npc195.xml"/>
  <include name="npcs/npc196.xml"/>
  <include name="npcs/npc197.xml"/>
  <include name="npcs/npc198.xml"/>
  <include name="npcs/npc201.xml"/>
  <include name="npcs/npc204.xml"/>
  <include name="npcs/npc205.xml"/>
  <include name="npcs/npc206.xml"/>
  <include name="npcs/npc207.xml"/>
  <include name="npcs/npc208.xml"/>
  <include name="npcs/npc209.xml"/>
  <include name="npcs/npc210.xml"/>
  <include name="npcs/npc211.xml"/>
  <include name="npcs/npc212.xml"/>
  <include name="npcs/npc213.xml"/>
  <include name="npcs/npc214.xml"/>
  <include name="npcs/npc215.xml"/>
  <include name="npcs/npc216.xml"/>
  <include name="npcs/npc217.xml"/>
  <include name="npcs/npc218.xml"/>
  <include name="npcs/npc258.xml"/>
  <include name="npcs/npc259.xml"/>
  <include name="npcs/npc260.xml"/>
  <include name="npcs/npc262.xml"/>
  <include name="npcs/npc263.xml"/>
  <include name="npcs/npc265.xml"/>
  <include name="npcs/npc300.xml"/>
  <include name="npcs/npc301.xml"/>
  <include name="npcs/npc302.xml"/>
  <include name="npcs/npc303.xml"/>
  <include name="npcs/npc304.xml"/>
  <include name="npcs/npc305.xml"/>
  <include name="npcs/npc306.xml"/>
  <include name="npcs/npc307.xml"/>
  <include name="npcs/npc308.xml"/>
  <include name="npcs/npc309.xml"/>
  <include name="npcs/npc310.xml"/>
  <include name="npcs/npc311.xml"/>
  <include name="npcs/npc312.xml"/>
  <include name="npcs/npc313.xml"/>
  <include name="npcs/npc314.xml"/>
  <include name="npcs/npc315.xml"/>
  <include name="npcs/npc316.xml"/>
  <include name="npcs/npc317.xml"/>
  <include name="npcs/npc318.xml"/>
  <include name="npcs/npc319.xml"/>
  <include name="npcs/npc320.xml"/>
  <include name="npcs/npc321.xml"/>
  <include name="npcs/npc322.xml"/>
  <include name="npcs/npc324.xml"/>
  <include name="npcs/npc325.xml"/>
  <include name="npcs/npc326.xml"/>
  <include name="npcs/npc327.xml"/>
  <include name="npcs/npc328.xml"/>
  <include name="npcs/npc329.xml"/>
  <include name="npcs/npc330.xml"/>
  <include name="npcs/npc331.xml"/>
  <include name="npcs/npc332.xml"/>
  <include name="npcs/npc333.xml"/>
  <include name="npcs/npc334.xml"/>
  <include name="npcs/npc335.xml"/>
  <include name="npcs/npc340.xml"/>
  <include name="npcs/npc344.xml"/>
  <include name="npcs/npc345.xml"/>
  <include name="npcs/npc346.xml"/>
  <include name="npcs/npc347.xml"/>
  <include name="npcs/npc348.xml"/>
  <include name="npcs/npc349.xml"/>
  <include name="npcs/npc350.xml"/>
  <include name="npcs/npc351.xml"/>
  <include name="npcs/npc354.xml"/>
  <include name="npcs/npc355.xml"/>
  <include name="npcs/npc356.xml"/>
  <include name="npcs/npc357.xml"/>
  <include name="npcs/npc358.xml"/>
  <include name="npcs/npc359.xml"/>
  <include name="npcs/npc360.xml"/>
  <include name="npcs/npc361.xml"/>
  <include name="npcs/npc362.xml"/>
  <include name="npcs/npc363.xml"/>
  <include name="npcs/npc365.xml"/>
  <include name="npcs/npc366.xml"/>
  <include name="npcs/npc367.xml"/>
  <include name="npcs/npc368.xml"/>
  <include name="npcs/npc369.xml"/>
  <include name="npcs/npc370.xml"/>
  <include name="npcs/npc371.xml"/>
  <include name="npcs/npc372.xml"/>
  <include name="npcs/npc374.xml"/>
  <include name="npcs/npc375.xml"/>
  <include name="npcs/npc376.xml"/>
  <include name="npcs/npc377.xml"/>
  <include name="npcs/npc378.xml"/>
  <include name="npcs/npc379.xml"/>
  <include name="npcs/npc380.xml"/>
  <include name="npcs/npc381.xml"/>
  <include name="npcs/npc382.xml"/>
  <include name="npcs/npc383.xml"/>
  <include name="npcs/npc384.xml"/>
  <include name="npcs/npc385.xml"/>
  <include name="npcs/npc386.xml"/>
  <include name="npcs/npc393.xml"/>
  <include name="npcs/npc394.xml"/>
  <include name="npcs/npc395.xml"/>
  <include name="npcs/npc396.xml"/>
  <include name="npcs/npc397.xml"/>
  <include name="npcs/npc398.xml"/>
  <include name="npcs/npc399.xml"/>
  <include name="npcs/npc400.xml"/>
  <include name="npcs/npc401.xml"/>
  <include name="npcs/npc402.xml"/>
  <include name="npcs/npc403.xml"/>
  <include name="npcs/npc404.xml"/>
  <include name="npcs/npc405.xml"/>
  <include name="npcs/npc406.xml"/>
  <include name="npcs/npc407.xml"/>
  <include name="npcs/npc408.xml"/>
  <include name="npcs/npc409.xml"/>
  <include name="npcs/npc410.xml"/>
  <include name="npcs/npc411.xml"/>
  <include name="npcs/npc412.xml"/>
  <include name="npcs/npc413.xml"/>
  <include name="npcs/npc414.xml"/>
  <include name="npcs/npc415.xml"/>
  <include name="npcs/npc416.xml"/>
  <include name="npcs/npc417.xml"/>
  <include name="npcs/npc418.xml"/>
  <include name="npcs/npc419.xml"/>
</npcs>
