<?xml version="1.0"?>
<npcs>
  <npc id="123">
    <sprite>model/base.xml|#53202b,7f4f45,9e6a43,d09459,fcd3a1,fefffc;#2f312f,727471,a4a6a3,dad5f5;#3a3a3a,d5d5d5</sprite>
    <sprite>hairstyles/hairstyle18.xml|#53202b,7f4f45,9e6a43,d09459,fcd3a1,fefffc;#2f312f,727471,a4a6a3,dad5f5;#2f1b08,4a2a0d,643a12,844c18,ffffff</sprite>
    <sprite>equipment/feet/warlordboots.xml</sprite>
    <sprite>equipment/legs/chaps.xml</sprite>
    <sprite>equipment/chest/vnecksweater.xml|#94835a,aca47b,cdc594</sprite>
    <sprite>equipment/chest/lightplatemail.xml|#ddeeff</sprite>
    <sprite>equipment/weapons/sword-short.xml|#48488c,48488e,48488f,695c21,5f5fbe,827229,6e6edb,9493a4,a4adff,bab8c2,bcbbc6,e3eaff</sprite>
    <sprite>equipment/hands/generic.xml|#4e2e18,c8752f</sprite>
    <sprite>equipment/head/knighthelm.xml</sprite>
  </npc>
</npcs>
