<?xml version="1.0"?>
<npcs>
  <npc id="157">
    <sprite>model/base.xml|#53202b,7f4f45,9e6a43,d09459,fcd3a1,fefffc;#2f312f,727471,a4a6a3,dad5f5;#3a3a3a,d5d5d5</sprite>
    <sprite>hairstyles/hairstyle18.xml|#53202b,7f4f45,9e6a43,d09459,fcd3a1,fefffc;#2f312f,727471,a4a6a3,dad5f5;#817339,ffe87c</sprite>
    <sprite>equipment/chest/tanktop.xml|#cdb784,dec38c,eef1c5,ffffff</sprite>
    <sprite>equipment/legs/shorts.xml|#2e0890,7898e8</sprite>
    <sprite>equipment/feet/boots.xml|#490000,b66d49</sprite>
  </npc>
</npcs>
