<?xml version="1.0"?>
<npcs>
  <npc id="151">
    <sprite>model/base.xml|#53202b,7f4f45,9e6a43,d09459,fcd3a1,fefffc;#2f312f,727471,a4a6a3,dad5f5;#3a3a3a,d5d5d5</sprite>
    <sprite>hairstyles/hairstyle09-female.xml|#53202b,7f4f45,9e6a43,d09459,fcd3a1,fefffc;#2f312f,727471,a4a6a3,dad5f5;#40413f,555754,757774,8d8f8c,9b9d9a,bdbfbb,e8eae7</sprite>
    <sprite variant="0">equipment/override/adult-head.xml</sprite>
    <sprite>equipment/chest/tnecksweater.xml|#200303,380505,570909,700c0c,8a1010</sprite>
    <sprite>equipment/feet/boots.xml|#39230f,4e2f14,5e3817,6b4422,79502e,815d3b,926d4f</sprite>
    <sprite>equipment/legs/skirt.xml|#39230f,4e2f14,5e3817,6b4422,79502e,815d3b,926d4f</sprite>
    <sprite>equipment/head/glasses.xml|#a89feb,d5d1f5</sprite>
    <sprite variant="12">equipment/override/adult-outfits.xml</sprite>
  </npc>
</npcs>
