<?xml version="1.0"?>
<npcs>
  <npc id="153">
    <sprite>model/base.xml|#53202b,7f4f45,9e6a43,d09459,fcd3a1,fefffc;#2f312f,727471,a4a6a3,dad5f5;#3a3a3a,d5d5d5</sprite>
    <sprite>hairstyles/hairstyle00.xml|#53202b,7f4f45,9e6a43,d09459,fcd3a1,fefffc;#2f312f,727471,a4a6a3,dad5f5;</sprite>
    <sprite variant="1">equipment/override/adult-head.xml</sprite>
    <sprite>equipment/feet/assassin-boots.xml|#b80f0f,580000,a40000,b80f0f,c02020,ff6060</sprite>
    <sprite>equipment/chest/robe.xml|#212121,ffffff</sprite>
    <sprite>equipment/head/long-beard.xml|#ffffff</sprite>
  </npc>
</npcs>
