<?xml version="1.0"?>
<npcs>
  <npc id="109">
    <sprite>model/base.xml|#53202b,7f4f45,9e6a43,d09459;#2f312f,727471,a4a6a3,dad5f5;#3a3a3a,d5d5d5</sprite>
    <sprite>hairstyles/hairstyle00.xml|#53202b,7f4f45,9e6a43,d09459,fcd3a1,fefffc;#2f312f,727471,a4a6a3,dad5f5</sprite>
    <sprite>equipment/head/minershat.xml</sprite>
    <sprite>equipment/hands/generic.xml|#202020,505050</sprite>
    <sprite>equipment/feet/boots.xml|#212121</sprite>
    <sprite>equipment/chest/tnecksweater.xml|#5f5d1e,6b5c37,917d4c,b1ad3b,c3be29</sprite>
    <sprite>equipment/legs/pants.xml|#272520,333027,383535,463e2b,524a36,52504a,6b5c37</sprite>
    <sprite>equipment/weapons/axe-stab.xml|#48488c,48488e,48488f,695c21,5f5fbe,827229,6e6edb,9493a4,a4adff,bab8c2,bcbbc6,e3eaff;#332c19,443a20,453b1e,61532d,87733d,a58d4d</sprite>
  </npc>
</npcs>
