<?xml version="1.0"?>
<npcs>
  <npc id="116">
    <sprite>model/base.xml|#53202b,7f4f45,9e6a43,d09459,fcd3a1,fefffc;#2f312f,727471,a4a6a3,dad5f5;#3a3a3a,d5d5d5</sprite>
    <sprite>hairstyles/hairstyle00.xml|#53202b,7f4f45,9e6a43,d09459,fcd3a1,fefffc;#2f312f,727471,a4a6a3,dad5f5</sprite>
    <sprite>equipment/chest/robe.xml|#201818,521800,7b5541,ac9962,c5b176</sprite>
    <sprite variant="6">equipment/override/adult-outfits.xml</sprite>
    <sprite variant="1">equipment/override/adult-head.xml</sprite>
    <sprite variant="2">equipment/override/adult-head.xml</sprite>
  </npc>
</npcs>
