<?xml version="1.0"?>
<npcs>
  <npc id="195">
    <sprite>model/base.xml|#53202b,7f4f45,9e6a43,d09459,fcd3a1,fefffc;#2f312f,727471,a4a6a3,dad5f5;#3a3a3a,d5d5d5</sprite>
    <sprite>hairstyles/hairstyle08-female.xml|#53202b,7f4f45,9e6a43,d09459,fcd3a1,fefffc;#2f312f,727471,a4a6a3,dad5f5;#994312,c55818,e46c28</sprite>
    <sprite>equipment/feet/furboots.xml</sprite>
    <sprite>equipment/head/knit-cap.xml|#ff625a,ffffff;#c1352e,ff625a;#942300,d13435</sprite>
    <sprite>equipment/legs/skirt.xml|#571207,6f1c0f,942300,9c2920,c1352e,d13435,ff625a</sprite>
    <sprite>equipment/chest/ugly-sweater.xml|#3f3f3f,ffffff;#af5a2f,af5a2f;#8ece91,364c17;#49661f</sprite>
    <sprite>equipment/hands/generic.xml|#87876c,bbc39c,edf4e1,ffffff</sprite>
    <sprite variant="10">equipment/override/adult-outfits.xml</sprite>
  </npc>
</npcs>
