<?xml version="1.0"?>
<npcs>
  <npc id="104">
    <sprite>model/base.xml|#53202b,7f4f45,9e6a43,d09459,fcd3a1,fefffc;#2f312f,727471,a4a6a3,dad5f5;#3a3a3a,d5d5d5</sprite>
    <sprite>hairstyles/hairstyle03.xml|#53202b,7f4f45,9e6a43,d09459,fcd3a1,fefffc;#2f312f,727471,a4a6a3,dad5f5;#201818,313031,424242,4e4e4e</sprite>
    <sprite>equipment/head/infantryhelm.xml</sprite>
    <sprite>equipment/chest/vnecksweater.xml|#a4b2b2,ffffff</sprite>
    <sprite>equipment/chest/lightplatemail.xml</sprite>
    <sprite>equipment/legs/chaps.xml</sprite>
    <sprite>equipment/feet/boots.xml|#212121</sprite>
    <sprite>equipment/weapons/sword-short.xml|#48488c,48488e,48488f,695c21,5f5fbe,827229,6e6edb,9493a4,a4adff,bab8c2,bcbbc6,e3eaff</sprite>
  </npc>
</npcs>
