<?xml version="1.0"?>
<npcs>
  <npc id="118">
    <sprite>model/base.xml|#53202b,7f4f45,9e6a43,d09459,fcd3a1,fefffc;#2f312f,727471,a4a6a3,dad5f5;#3a3a3a,d5d5d5</sprite>
    <sprite>hairstyles/hairstyle17-female.xml|#53202b,7f4f45,9e6a43,d09459,fcd3a1,fefffc;#2f312f,727471,a4a6a3,dad5f5;#05594c,217b6d,189481,1edca9</sprite>
    <sprite>equipment/chest/tnecksweater.xml|#808080,cdb5b5,ddd9d9,f4f0f0</sprite>
    <sprite>equipment/legs/skirt.xml|#808080,cdb5b5,ddd9d9,f4f0f0</sprite>
    <sprite variant="3">equipment/override/adult-outfits.xml</sprite>
  </npc>
</npcs>
