<?xml version="1.0"?>
<npcs>
  <npc id="121">
    <sprite>model/base.xml|#53202b,7f4f45,9e6a43,d09459,fcd3a1,fefffc;#2f312f,727471,a4a6a3,dad5f5;#3a3a3a,d5d5d5</sprite>
    <sprite>hairstyles/hairstyle18.xml|#53202b,7f4f45,9e6a43,d09459,fcd3a1,fefffc;#2f312f,727471,a4a6a3,dad5f5;#2f1b08,4a2a0d,643a12,844c18,ffffff</sprite>
    <sprite>equipment/chest/cotton.xml|#94835a,aca47b,cdc594</sprite>
    <sprite>equipment/legs/pants.xml|#413100,524a08,6a5a18,7b7331,837b41</sprite>
    <sprite>equipment/chest/lightplatemail.xml|#ddeeff</sprite>
  </npc>
</npcs>
