<?xml version="1.0"?>
<npcs>
  <npc id="148">
    <sprite>model/base.xml|#53202b,7f4f45,9e6a43,d09459,fcd3a1,fefffc;#2f312f,727471,a4a6a3,dad5f5;#3a3a3a,d5d5d5</sprite>
    <sprite>hairstyles/hairstyle00.xml|#53202b,7f4f45,9e6a43,d09459,fcd3a1,fefffc;#2f312f,727471,a4a6a3,dad5f5</sprite>
    <sprite variant="1">equipment/override/adult-outfits.xml</sprite>
    <sprite>equipment/legs/pants.xml|#001720,001b25,003e55,035776</sprite>
    <sprite variant="4">equipment/override/adult-head.xml</sprite>
    <sprite>equipment/head/chefhat.xml</sprite>
    <sprite>equipment/head/goatee.xml</sprite>
    <sprite>equipment/feet/boots.xml|#623a34,f0c2b4</sprite>
  </npc>
</npcs>
