<?xml version="1.0"?>
<npcs>
  <npc id="180">
    <sprite>model/base.xml|#53202b,7f4f45,9e6a43,d09459,fcd3a1,fefffc;#2f312f,727471,a4a6a3,dad5f5;#3a3a3a,d5d5d5</sprite>
    <sprite>hairstyles/hairstyle13.xml|#53202b,7f4f45,9e6a43,d09459,fcd3a1,fefffc;#2f312f,727471,a4a6a3,dad5f5;#8c6625,dab425,ffffff</sprite>
    <sprite>equipment/feet/boots.xml|#212121</sprite>
    <sprite>equipment/legs/pants.xml|#111111,222222,333333,444444,555555,aaaaaa</sprite>
    <sprite>equipment/chest/vnecksweater.xml|#a4b2b2,ffffff</sprite>
  </npc>
</npcs>
