<?xml version="1.0"?>
<npcs>
  <npc id="163">
    <sprite>model/base.xml|#53202b,7f4f45,9e6a43,d09459,fcd3a1,fefffc;#2f312f,727471,a4a6a3,dad5f5;#3a3a3a,d5d5d5</sprite>
    <sprite>hairstyles/hairstyle13-female.xml|#53202b,7f4f45,9e6a43,d09459,fcd3a1,fefffc;#2f312f,727471,a4a6a3,dad5f5;#878787,a8a8a8,cacaca,fdfdfd</sprite>
    <sprite>equipment/chest/cotton.xml|#ffffff</sprite>
    <sprite>equipment/chest/tanktop.xml|#730417,9c061f,c40727,d9082b,ee092f</sprite>
    <sprite>equipment/legs/skirt.xml|#783f48,a15461,c96979,f37f92,f7a8b5</sprite>
    <sprite>equipment/feet/boots.xml|#522129,ff7139</sprite>
  </npc>
</npcs>
