<?xml version="1.0"?>
<npcs>
  <npc id="112">
    <sprite>model/base.xml|#53202b,7f4f45,9e6a43,d09459,fcd3a1,fefffc;#2f312f,727471,a4a6a3,dad5f5;#3a3a3a,d5d5d5</sprite>
    <sprite>hairstyles/hairstyle00.xml|#53202b,7f4f45,9e6a43,d09459,fcd3a1,fefffc;#2f312f,727471,a4a6a3,dad5f5</sprite>
    <sprite>equipment/feet/boots.xml|#503200,734a00,966200,b97a00,ffaa25</sprite>
    <sprite>equipment/legs/pants.xml|#966200,734a00</sprite>
    <sprite>equipment/chest/tnecksweater.xml|#808080,b1b1b1,cacaca</sprite>
    <sprite>equipment/chest/tanktop.xml|#3c3000,2e3f00,0d6400,007300</sprite>
    <sprite>equipment/head/goatee.xml|#212121,ffffff</sprite>
    <sprite variant="4">equipment/override/adult-head.xml</sprite>
  </npc>
</npcs>
