<?xml version="1.0"?>
<npcs>
  <npc id="165">
    <sprite>model/base.xml|#53202b,7f4f45,9e6a43,d09459,fcd3a1,fefffc;#2f312f,727471,a4a6a3,dad5f5;#3a3a3a,d5d5d5</sprite>
    <sprite>hairstyles/hairstyle19-female.xml|#53202b,7f4f45,9e6a43,d09459,fcd3a1,fefffc;#2f312f,727471,a4a6a3,dad5f5;#223b2e,154242,1d5553,226461,418481,639b9a,8eb9ba</sprite>
    <sprite>equipment/head/tophat.xml</sprite>
    <sprite>equipment/chest/tanktop.xml|#0e1b27,163a51,1d425c,2f5673,466680,5b7b95,7691a7</sprite>
    <sprite>equipment/legs/skirt.xml|#060c0f,081118,0c1924,102432,0e2c3e,15374d,234c69</sprite>
    <sprite>equipment/feet/boots.xml|#0e1b27,163a51,1d425c,2f5673,466680,5b7b95,7691a7</sprite>
  </npc>
</npcs>
