<?xml version="1.0"?>
<npcs>
  <npc id="142">
    <sprite>model/base.xml|#53202b,7f4f45,9e6a43,d09459,fcd3a1,fefffc;#2f312f,727471,a4a6a3,dad5f5;#3a3a3a,d5d5d5</sprite>
    <sprite>hairstyles/hairstyle00.xml|#53202b,7f4f45,9e6a43,d09459,fcd3a1,fefffc;#2f312f,727471,a4a6a3,dad5f5</sprite>
    <sprite>equipment/head/rangerhat.xml</sprite>
    <sprite>equipment/chest/tnecksweater.xml|#573a26,9e7654,d3b79e,ffffff</sprite>
    <sprite>equipment/legs/pants.xml|#39230f,4e2f14,5e3817,6b4422,79502e,815d3b,926d4f</sprite>
    <sprite>equipment/feet/boots.xml|#4f2d29,c89078</sprite>
    <sprite>equipment/weapons/polearm-stab.xml|#48488c,48488e,48488f,695c21,5f5fbe,827229,6e6edb,9493a4,a4adff,bab8c2,bcbbc6,e3eaff;#332c19,443a20,453b1e,61532d,87733d,a58d4d</sprite>
  </npc>
</npcs>
