<?xml version="1.0"?>
<npcs>
  <npc id="196">
    <sprite>model/base.xml|#53202b,7f4f45,9e6a43,d09459,fcd3a1,fefffc;#2f312f,727471,a4a6a3,dad5f5;#3a3a3a,d5d5d5</sprite>
    <sprite>hairstyles/hairstyle08-female.xml|#53202b,7f4f45,9e6a43,d09459,fcd3a1,fefffc;#2f312f,727471,a4a6a3,dad5f5;#994312,c55818,e46c28</sprite>
    <sprite>equipment/feet/assassin-boots.xml|#b80f0f,580000,a40000,b80f0f,c02020,ff6060</sprite>
    <sprite>equipment/chest/fine-dress.xml|#571207,6f1c0f,942300,9c2920,c1352e,d13435,ff625a</sprite>
  </npc>
</npcs>
