<?xml version="1.0"?>
<npcs>
  <npc id="192">
    <sprite>model/base.xml|#53202b,7f4f45,9e6a43,d09459,fcd3a1,fefffc;#2f312f,727471,a4a6a3,dad5f5;#3a3a3a,d5d5d5</sprite>
    <sprite>hairstyles/hairstyle06.xml|#53202b,7f4f45,9e6a43,d09459,fcd3a1,fefffc;#2f312f,727471,a4a6a3,dad5f5;#35351c,6f6f3c,bcbd84</sprite>
    <sprite>equipment/chest/cotton.xml|#443c21</sprite>
    <sprite>equipment/chest/vnecksweater.xml|#251e06,443c21,71653b,a0945e</sprite>
    <sprite>equipment/legs/pants.xml|#251e06,443c21,71653b</sprite>
    <sprite>equipment/feet/boots.xml|#443c21</sprite>
  </npc>
</npcs>
