<?xml version="1.0"?>
<npcs>
  <npc id="162">
    <sprite>model/base.xml|#53202b,7f4f45,9e6a43,d09459,fcd3a1,fefffc;#2f312f,727471,a4a6a3,dad5f5;#3a3a3a,d5d5d5</sprite>
    <sprite>hairstyles/hairstyle00.xml|#53202b,7f4f45,9e6a43,d09459,fcd3a1,fefffc;#2f312f,727471,a4a6a3,dad5f5</sprite>
    <sprite>equipment/head/deserthat.xml|#ffffff</sprite>
    <sprite>equipment/legs/pants.xml|#202020,414441,b4b6bd,cdcacd,ffffff</sprite>
    <sprite>equipment/chest/tnecksweater.xml|#808080,b1b1b1,cacaca</sprite>
    <sprite>equipment/chest/cotton.xml|#573a26,9e7654,d3b79e,ffffff</sprite>
    <sprite>equipment/feet/boots.xml|#522129,ff7139</sprite>
  </npc>
</npcs>
