<?xml version="1.0"?>
<npcs>
  <npc id="100">
    <sprite>model/base.xml|#53202b,7f4f45,9e6a43,d09459,fcd3a1,fefffc;#2f312f,727471,a4a6a3,dad5f5;#3a3a3a,d5d5d5</sprite>
    <sprite>hairstyles/hairstyle18.xml|#53202b,7f4f45,9e6a43,d09459,fcd3a1,fefffc;#2f312f,727471,a4a6a3,dad5f5;#201820,492613,cf6513,e56a18,ffffff</sprite>
    <sprite>equipment/feet/boots.xml|#522129,ff7139</sprite>
    <sprite>equipment/legs/silkpants.xml|#251e06,443c21,71653b,a0945e</sprite>
    <sprite>equipment/chest/vnecksweater.xml|#573a26,9e7654,d3b79e,ffffff</sprite>
    <sprite>equipment/head/silkheadband.xml|#9c2c00,ee4800,ff7139</sprite>
  </npc>
</npcs>
