<?xml version="1.0"?>
<npcs>
  <npc id="137">
    <sprite>model/base.xml|#53202b,7f4f45,9e6a43,d09459,fcd3a1,fefffc;#2f312f,727471,a4a6a3,dad5f5;#3a3a3a,d5d5d5</sprite>
    <sprite>hairstyles/hairstyle06.xml|#53202b,7f4f45,9e6a43,d09459,fcd3a1,fefffc;#2f312f,727471,a4a6a3,dad5f5;#291912,513a30,6d5246,8a6b5d</sprite>
    <sprite>equipment/chest/cotton.xml|#56002f,930050,fe70bd,feb7de,ffffff</sprite>
    <sprite>equipment/feet/boots.xml|#212121,ffffff</sprite>
    <sprite>equipment/legs/pants.xml|#434b47,697770,93a69d,bed6cb,d3ede1</sprite>
  </npc>
</npcs>
