<?xml version="1.0"?>
<npcs>
  <npc id="134">
    <sprite>model/base.xml|#53202b,7f4f45,9e6a43,d09459,fcd3a1,fefffc;#2f312f,727471,a4a6a3,dad5f5;#3a3a3a,d5d5d5</sprite>
    <sprite>hairstyles/hairstyle02.xml|#53202b,7f4f45,9e6a43,d09459,fcd3a1,fefffc;#2f312f,727471,a4a6a3,dad5f5;#994312,c55818,e46c28</sprite>
    <sprite>equipment/feet/boots.xml|#212121</sprite>
    <sprite>equipment/head/beard.xml|#994312,c55818,e46c28</sprite>
    <sprite>equipment/legs/pants.xml|#498ec5</sprite>
    <sprite>equipment/chest/sorcerer-robe.xml|#16486e,498ec5,e4f2fc;#41B3FF</sprite>
    <sprite>equipment/head/santahat.xml|#16486e,498ec5,e4f2fc;#7eafee,bbc39c,edf4e1,ffffff</sprite>
  </npc>
</npcs>
