<?xml version="1.0"?>
<npcs>
  <npc id="154">
    <sprite>model/base.xml|#53202b,7f4f45,9e6a43,d09459,fcd3a1,fefffc;#2f312f,727471,a4a6a3,dad5f5;#3a3a3a,d5d5d5</sprite>
    <sprite>hairstyles/hairstyle13-female.xml|#53202b,7f4f45,9e6a43,d09459,fcd3a1,fefffc;#2f312f,727471,a4a6a3,dad5f5;#878787,a8a8a8,cacaca,fdfdfd</sprite>
    <sprite variant="0">equipment/override/adult-head.xml</sprite>
    <sprite>equipment/chest/cotton.xml|#291b07,4a310c,6c4818,7a5525,89693b,9c7b52,af946e</sprite>
    <sprite>equipment/legs/skirt.xml|#39230f,4e2f14,5e3817,6b4422,79502e,815d3b,926d4f</sprite>
    <sprite>equipment/feet/boots.xml|#4f2d29,c89078</sprite>
  </npc>
</npcs>
