<?xml version="1.0"?>
<npcs>
  <npc id="106">
    <sprite>model/female.xml|#53202b,7f4f45,9e6a43,d09459,fcd3a1,fefffc;#2f312f,727471,a4a6a3,dad5f5;#3a3a3a,d5d5d5</sprite>
    <sprite>hairstyles/hairstyle01-female.xml|#53202b,7f4f45,9e6a43,d09459,fcd3a1,fefffc;#2f312f,727471,a4a6a3,dad5f5;#69006a,880884,a404a2,c000c0,ff40ff</sprite>
    <sprite>equipment/feet/boots-female.xml|#490000,b66d49</sprite>
    <sprite>equipment/legs/skirt-female.xml|#251e06,443c21,71653b,a0945e</sprite>
    <sprite>equipment/chest/tanktop-female.xml|#1a3a8c,214cb9,4470e0,7898e8</sprite>
  </npc>
</npcs>
