<?xml version="1.0"?>
<npcs>
  <npc id="181">
    <sprite>model/male.xml|#53202b,7f4f45,9e6a43,d09459,fcd3a1,fefffc;#2f312f,727471,a4a6a3,dad5f5;#FF2615</sprite>
    <sprite>hairstyles/hairstyle01-female.xml|#53202b,7f4f45,9e6a43,d09459,fcd3a1,fefffc;#2f312f,727471,a4a6a3,dad5f5;#1d2d6d,1594a3,55C6B2,fdedcc</sprite>
    <sprite>equipment/chest/bra-female.xml</sprite>
    <sprite>equipment/feet/assassin-boots.xml</sprite>
    <sprite>equipment/hands/generic.xml|#202020,c0c0c0,ffffff,ffffff</sprite>
    <sprite>equipment/head/rabbit-ears.xml|#111111,222222,333333,444444,555555,aaaaaa</sprite>
  </npc>
</npcs>
