<?xml version="1.0"?>
<npcs>
  <npc id="105">
    <sprite>model/base.xml|#53202b,7f4f45,9e6a43,d09459,fcd3a1,fefffc;#2f312f,727471,a4a6a3,dad5f5;#3a3a3a,d5d5d5</sprite>
    <sprite>hairstyles/hairstyle18.xml|#53202b,7f4f45,9e6a43,d09459,fcd3a1,fefffc;#2f312f,727471,a4a6a3,dad5f5;#f4f0f0,787c78</sprite>
    <sprite>equipment/head/santahat.xml|#580000,a40000,c02020;#87876c,bbc39c,edf4e1,ffffff</sprite>
    <sprite>equipment/chest/tnecksweater.xml|#580000,a40000,c02020</sprite>
    <sprite>equipment/legs/silkpants.xml|#580000,a40000,c02020</sprite>
    <sprite variant="4">equipment/override/adult-outfits.xml</sprite>
    <sprite>equipment/hands/generic.xml|#202020,c0c0c0,ffffff,ffffff</sprite>
    <sprite>equipment/head/long-beard.xml|#87876c,bbc39c,edf4e1</sprite>
    <sprite>equipment/feet/furboots.xml</sprite>
  </npc>
</npcs>
