<?xml version="1.0"?>
<npcs>
  <npc id="107">
    <sprite>model/base.xml|#53202b,7f4f45,9e6a43,d09459,fcd3a1,fefffc;#2f312f,727471,a4a6a3,dad5f5;#3a3a3a,d5d5d5</sprite>
    <sprite>hairstyles/hairstyle01.xml|#53202b,7f4f45,9e6a43,d09459,fcd3a1,fefffc;#2f312f,727471,a4a6a3,dad5f5;#404040,606060,808080,a4a4a4,b1b1b1,c0c0c0,e4e4e4</sprite>
    <sprite>equipment/head/glasses.xml|#a89feb,d5d1f5</sprite>
    <sprite>equipment/legs/silkpants.xml|#010101,202020,404040,606060</sprite>
    <sprite>equipment/chest/tnecksweater.xml|#808080,b1b1b1,cacaca</sprite>
    <sprite>equipment/chest/tanktop.xml|#404040,606060,808080,9f9f9f</sprite>
    <sprite variant="4">equipment/override/adult-outfits.xml</sprite>
  </npc>
</npcs>
