<?xml version="1.0"?>
<npcs>
  <npc id="126">
    <sprite>model/base.xml|#53202b,7f4f45,9e6a43,d09459,fcd3a1,fefffc;#2f312f,727471,a4a6a3,dad5f5;#3a3a3a,d5d5d5</sprite>
    <sprite>hairstyles/hairstyle06.xml|#53202b,7f4f45,9e6a43,d09459,fcd3a1,fefffc;#2f312f,727471,a4a6a3,dad5f5;#212121,ffffff</sprite>
    <sprite>equipment/chest/cotton.xml|#000000,181818,202020,292929</sprite>
    <sprite>equipment/legs/chaps.xml</sprite>
    <sprite>equipment/feet/boots.xml|#212121</sprite>
    <sprite>equipment/chest/lightplatemail.xml|#000000,181818,202020,292929</sprite>
    <sprite>equipment/weapons/axe-chop.xml|#48488c,48488e,48488f,695c21,5f5fbe,827229,6e6edb,9493a4,a4adff,bab8c2,bcbbc6,e3eaff;#332c19,443a20,453b1e,61532d,87733d,a58d4d</sprite>
  </npc>
</npcs>
