<?xml version="1.0"?>
<npcs>
  <npc id="167">
    <sprite>model/female.xml|#53202b,7f4f45,9e6a43,d09459,fcd3a1,fefffc;#2f312f,727471,a4a6a3,dad5f5;#3a3a3a,d5d5d5</sprite>
    <sprite>hairstyles/hairstyle11-female.xml|#53202b,7f4f45,9e6a43,d09459,fcd3a1,fefffc;#2f312f,727471,a4a6a3,dad5f5;#2c3a0a,317300,3b8700,4ead00</sprite>
    <sprite>equipment/head/wizard-hat-female.xml|#4f0a76,8010c0,d699f7</sprite>
    <sprite>equipment/chest/sorcerer-robe-female.xml|#4f0a76,8010c0,d699f7;#EC0000</sprite>
  </npc>
</npcs>
