<?xml version="1.0"?>
<npcs>
  <npc id="156">
    <sprite>model/base.xml|#53202b,7f4f45,9e6a43,d09459,fcd3a1,fefffc;#2f312f,727471,a4a6a3,dad5f5;#3a3a3a,d5d5d5</sprite>
    <sprite>hairstyles/hairstyle02.xml|#53202b,7f4f45,9e6a43,d09459,fcd3a1,fefffc;#2f312f,727471,a4a6a3,dad5f5;#201818,313031,424242,4e4e4e</sprite>
    <sprite>equipment/chest/vnecksweater.xml|#39230f,4e2f14,5e3817,6b4422,79502e,815d3b,926d40</sprite>
    <sprite>equipment/legs/silkpants.xml|#87876c,bbc39c,edf4e1,ffffff</sprite>
    <sprite>equipment/feet/boots.xml|#623a34,f0c2b4</sprite>
  </npc>
</npcs>
