<?xml version="1.0"?>
<npcs>
  <npc id="115">
    <sprite>model/base.xml|#53202b,7f4f45,9e6a43,d09459,fcd3a1,fefffc;#2f312f,727471,a4a6a3,dad5f5;#3a3a3a,d5d5d5</sprite>
    <sprite>hairstyles/hairstyle18.xml|#53202b,7f4f45,9e6a43,d09459,fcd3a1,fefffc;#2f312f,727471,a4a6a3,dad5f5;#201820,492613,cf6513,e56a18,ffffff</sprite>
    <sprite>equipment/chest/vnecksweater.xml|#808080,b1b1b1,cacaca</sprite>
    <sprite>equipment/legs/silkpants.xml|#22230f,38380a,48490d,595a10,706b14</sprite>
    <sprite variant="5">equipment/override/adult-outfits.xml</sprite>
    <sprite>equipment/head/goggles.xml|#787878,f7f7f7</sprite>
  </npc>
</npcs>
