<?xml version="1.0"?>
<npcs>
  <npc id="146">
    <sprite>model/base.xml|#53202b,7f4f45,9e6a43,d09459,fcd3a1,fefffc;#2f312f,727471,a4a6a3,dad5f5;#3a3a3a,d5d5d5</sprite>
    <sprite>hairstyles/hairstyle00.xml|#53202b,7f4f45,9e6a43,d09459,fcd3a1,fefffc;#2f312f,727471,a4a6a3,dad5f5</sprite>
    <sprite>equipment/chest/tnecksweater.xml|#573a26,9e7654,d3b79e,ffffff</sprite>
    <sprite>equipment/legs/pants.xml|#39230f,4e2f14,5e3817,6b4422,79502e,815d3b,926d4f</sprite>
    <sprite>equipment/feet/boots.xml|#4f2d29,c89078</sprite>
    <sprite variant="3">equipment/override/adult-head.xml</sprite>
    <sprite variant="2">equipment/override/adult-outfits.xml</sprite>
  </npc>
</npcs>
