<?xml version="1.0"?>
<npcs>
  <npc id="101">
    <sprite>model/base.xml|#53202b,7f4f45,9e6a43,d09459,fcd3a1,fefffc;#2f312f,727471,a4a6a3,dad5f5;#3a3a3a,d5d5d5</sprite>
    <sprite>hairstyles/hairstyle02.xml|#53202b,7f4f45,9e6a43,d09459,fcd3a1,fefffc;#2f312f,727471,a4a6a3,dad5f5;#201818,313031,424242,4e4e4e</sprite>
    <sprite>equipment/chest/cotton.xml|#573a26,9e7654,d3b79e,ffffff</sprite>
    <sprite>equipment/legs/silkpants.xml|#202020,414441,b4b6bd,cdcacd,ffffff</sprite>
    <sprite>equipment/feet/boots.xml|#522129,ff7139</sprite>
    <sprite>equipment/head/goatee.xml|#212121,ffffff</sprite>
  </npc>
</npcs>
