<?xml version="1.0"?>
<npcs>
  <npc id="149">
    <sprite>model/base.xml|#53202b,7f4f45,9e6a43,d09459,fcd3a1,fefffc;#2f312f,727471,a4a6a3,dad5f5;#3a3a3a,d5d5d5</sprite>
    <sprite>hairstyles/hairstyle00.xml|#53202b,7f4f45,9e6a43,d09459,fcd3a1,fefffc;#2f312f,727471,a4a6a3,dad5f5</sprite>
    <sprite>equipment/chest/chainmail.xml|#eef1c5,ffffff</sprite>
    <sprite>equipment/chest/vnecksweater.xml|#151614,1b1c1a,242624,313230,373936,393b38,424441</sprite>
    <sprite>equipment/legs/pants.xml|#151614,1b1c1a,242624,313230,373936,393b38,424441</sprite>
    <sprite>equipment/feet/boots.xml|#151614,1b1c1a,242624,313230,373936,393b38,424441</sprite>
    <sprite variant="5">equipment/override/adult-head.xml</sprite>
    <sprite>equipment/head/monocle.xml</sprite>
  </npc>
</npcs>
