<?xml version="1.0"?>
<npcs>
  <npc id="135">
    <sprite>model/base.xml|#53202b,7f4f45,9e6a43,d09459,fcd3a1,fefffc;#2f312f,727471,a4a6a3,dad5f5;#3a3a3a,d5d5d5</sprite>
    <sprite>hairstyles/hairstyle01.xml|#53202b,7f4f45,9e6a43,d09459,fcd3a1,fefffc;#2f312f,727471,a4a6a3,dad5f5;#623413,7a4218,9f5620,c46a28</sprite>
    <sprite>equipment/feet/boots.xml|#4f2d29,c89078</sprite>
    <sprite>equipment/chest/leather.xml|#573a26,9e7654,d3b79e,ffffff;#b96b3d,fbf5f1</sprite>
    <sprite>equipment/legs/pants.xml|#2a2117,2f2112,493219,61411e,724c22,a97e4f</sprite>
    <sprite>equipment/hands/generic.xml|#4e2e18,c8752f</sprite>
  </npc>
</npcs>
