<?xml version="1.0"?>
<npcs>
  <npc id="175">
    <sprite>model/base.xml|#53202b,7f4f45,9e6a43,d09459,fcd3a1,fefffc;#2f312f,727471,a4a6a3,dad5f5;#3a3a3a,d5d5d5</sprite>
    <sprite>hairstyles/hairstyle12-female.xml|#53202b,7f4f45,9e6a43,d09459,fcd3a1,fefffc;#2f312f,727471,a4a6a3,dad5f5;#1e0b26,461959,5a2073</sprite>
    <sprite>equipment/feet/assassin-boots.xml</sprite>
    <sprite>equipment/legs/assassin.xml</sprite>
    <sprite>equipment/chest/assassin.xml</sprite>
    <sprite>equipment/hands/assassin.xml</sprite>
  </npc>
</npcs>
