<?xml version="1.0"?>
<npcs>
  <npc id="150">
    <sprite>model/base.xml|#53202b,7f4f45,9e6a43,d09459,fcd3a1,fefffc;#2f312f,727471,a4a6a3,dad5f5;#3a3a3a,d5d5d5</sprite>
    <sprite>hairstyles/hairstyle00.xml|#53202b,7f4f45,9e6a43,d09459,fcd3a1,fefffc;#2f312f,727471,a4a6a3,dad5f5</sprite>
    <sprite>equipment/head/inspector-hat.xml|#001720,003e55,035776</sprite>
    <sprite>equipment/chest/chainmail.xml|#eef1c5,ffffff</sprite>
    <sprite>equipment/legs/pants.xml|#001720,001b25,003e55,035776</sprite>
    <sprite>equipment/chest/vnecksweater.xml|#001720,001b25,003e55,035776</sprite>
    <sprite>equipment/feet/boots.xml|#623a34,f0c2b4</sprite>
  </npc>
</npcs>
