<?xml version="1.0"?>
<npcs>
  <npc id="132">
    <sprite>model/base.xml|#53202b,7f4f45,9e6a43,d09459,fcd3a1,fefffc;#2f312f,727471,a4a6a3,dad5f5;#3a3a3a,d5d5d5</sprite>
    <sprite>hairstyles/hairstyle00.xml|#53202b,7f4f45,9e6a43,d09459,fcd3a1,fefffc;#2f312f,727471,a4a6a3,dad5f5</sprite>
    <sprite>equipment/feet/boots.xml|#522129,ff7139</sprite>
    <sprite>equipment/legs/pants.xml|#251e06,443c21,71653b,a0945e</sprite>
    <sprite>equipment/chest/vnecksweater.xml|#573a26,9e7654,d3b79e,ffffff</sprite>
    <sprite>equipment/head/deserthat.xml|#ffffff</sprite>
    <sprite>equipment/head/goggles.xml|#787878,f7f7f7</sprite>
    <sprite>equipment/head/pipe.xml</sprite>
  </npc>
</npcs>
