<?xml version="1.0"?>
<npcs>
  <npc id="182">
    <sprite>model/female.xml|#53202b,7f4f45,9e6a43,d09459,fcd3a1,fefffc;#2f312f,727471,a4a6a3,dad5f5;#3a3a3a,d5d5d5</sprite>
    <sprite>hairstyles/hairstyle11-female.xml|#53202b,7f4f45,9e6a43,d09459,fcd3a1,fefffc;#2f312f,727471,a4a6a3,dad5f5;#66500b,80630e,997711,b38b14,cc9f16,e5b319,ffc71c</sprite>
    <sprite>equipment/feet/boots-female.xml|#443c21,71653b</sprite>
    <sprite>equipment/legs/pants-female.xml|#115511,22aa22,99dd99</sprite>
    <sprite>equipment/chest/forest-armor-female.xml</sprite>
    <sprite>equipment/head/fairy_hat-female.xml</sprite>
    <sprite>equipment/weapons/bow.xml|#48488c,48488e,48488f,695c21,5f5fbe,827229,6e6edb,9493a4,a4adff,bab8c2,bcbbc6,e3eaff;#332c19,443a20,453b1e,61532d,87733d,a58d4d</sprite>
  </npc>
</npcs>
