<?xml version="1.0"?>
<npcs>
  <npc id="188">
    <sprite>model/female.xml|#53202b,7f4f45,9e6a43,d09459,fcd3a1,fefffc;#2f312f,727471,a4a6a3,dad5f5;#3a3a3a,d5d5d5</sprite>
    <sprite>hairstyles/hairstyle19-female.xml|#53202b,7f4f45,9e6a43,d09459,fcd3a1,fefffc;#2f312f,727471,a4a6a3,dad5f5;#dbd41e</sprite>
    <sprite>equipment/head/rosehat-female.xml|#dddddd,ffffff</sprite>
    <sprite>equipment/chest/shorttanktop-female.xml|#255511,579932,4aaf36,4ed65e</sprite>
    <sprite>equipment/legs/silkpants-female.xml|#87876c,bbc39c,edf4e1,ffffff</sprite>
  </npc>
</npcs>
