<?xml version="1.0"?>
<npcs>
  <npc id="190">
    <sprite>model/base.xml|#53202b,7f4f45,9e6a43,d09459,fcd3a1,fefffc;#2f312f,727471,a4a6a3,dad5f5;#3a3a3a,d5d5d5</sprite>
    <sprite>hairstyles/hairstyle13-female.xml|#53202b,7f4f45,9e6a43,d09459,fcd3a1,fefffc;#2f312f,727471,a4a6a3,dad5f5;#878787,a8a8a8,cacaca,fdfdfd</sprite>
    <sprite variant="0">equipment/override/adult-head.xml</sprite>
    <sprite>equipment/chest/cotton.xml|#dbd41e</sprite>
    <sprite>equipment/legs/skirt.xml|#5b4976</sprite>
    <sprite>equipment/feet/boots.xml|#4f2d29,c89078</sprite>
  </npc>
</npcs>
