<?xml version="1.0"?>
<npcs>
  <npc id="212">
    <sprite>model/base.xml|#53202b,7f4f45,9e6a43,d09459,fcd3a1,fefffc;#2f312f,727471,a4a6a3,dad5f5;#3a3a3a,d5d5d5</sprite>
    <sprite>hairstyles/hairstyle08.xml|#53202b,7f4f45,9e6a43,d09459,fcd3a1,fefffc;#2f312f,727471,a4a6a3,dad5f5;#EE9A4D,ffee33</sprite>
    <sprite>equipment/head/captain-hat.xml</sprite>
    <sprite>equipment/legs/shorts.xml|#a4b2b2,ffffff</sprite>
    <sprite>equipment/chest/vnecksweater.xml|#a4b2b2,ffffff</sprite>
    <sprite>equipment/feet/boots.xml|#623a34,f0c2b4</sprite>
  </npc>
</npcs>
