<?xml version="1.0"?>
<npcs>
  <npc id="205">
    <sprite>model/base.xml|#53202b,7f4f45,9e6a43,d09459,fcd3a1,fefffc;#2f312f,727471,a4a6a3,dad5f5;#3a3a3a,d5d5d5</sprite>
    <sprite>hairstyles/hairstyle01-female.xml|#53202b,7f4f45,9e6a43,d09459,fcd3a1,fefffc;#2f312f,727471,a4a6a3,dad5f5;#347235,52D017</sprite>
    <sprite>equipment/head/goggles.xml</sprite>
    <sprite>equipment/legs/skirt.xml|#d3b79e,ffffff</sprite>
    <sprite>equipment/chest/tanktop.xml|#d3b79e,ffffff</sprite>
    <sprite>equipment/feet/boots.xml|#9e7654,ffffff</sprite>
  </npc>
</npcs>
