<?xml version="1.0"?>
<npcs>
  <npc id="206">
    <sprite>model/base.xml|#53202b,7f4f45,9e6a43,d09459,fcd3a1,fefffc;#2f312f,727471,a4a6a3,dad5f5;#3a3a3a,d5d5d5</sprite>
    <sprite>hairstyles/hairstyle10-female.xml|#53202b,7f4f45,9e6a43,d09459,fcd3a1,fefffc;#2f312f,727471,a4a6a3,dad5f5;#7F462C,F9966B</sprite>
    <sprite>equipment/chest/cotton.xml|#B93B8F,C38EC7,F9B7FF</sprite>
    <sprite>equipment/legs/skirt.xml|#AF7817,E8A317</sprite>
    <sprite>equipment/feet/boots.xml|#4f2d29,c89078</sprite>
  </npc>
</npcs>
