<?xml version="1.0"?>
<npcs>
  <npc id="201">
    <sprite>model/female.xml|#53202b,7f4f45,9e6a43,d09459,fcd3a1,fefffc;#2f312f,727471,a4a6a3,dad5f5;#3a3a3a,d5d5d5</sprite>
    <sprite>hairstyles/hairstyle11-female.xml|#53202b,7f4f45,9e6a43,d09459,fcd3a1,fefffc;#2f312f,727471,a4a6a3,dad5f5;#bb2222,ffee33</sprite>
    <sprite>equipment/feet/boots-female.xml|#4f2d29,c89078</sprite>
    <sprite>equipment/legs/chaps-female.xml</sprite>
    <sprite>equipment/chest/shorttanktop-female.xml</sprite>
  </npc>
</npcs>
