<?xml version="1.0"?>
<npcs>
  <npc id="209">
    <sprite>model/base.xml|#53202b,7f4f45,9e6a43,d09459,fcd3a1,fefffc;#2f312f,727471,a4a6a3,dad5f5;#3a3a3a,d5d5d5</sprite>
    <sprite>hairstyles/hairstyle12-female.xml|#53202b,7f4f45,9e6a43,d09459,fcd3a1,fefffc;#2f312f,727471,a4a6a3,dad5f5;#573a26,ffffff</sprite>
    <sprite>equipment/chest/cotton.xml|#573a26,9e7654,d3b79e,ffffff</sprite>
    <sprite>equipment/legs/miniskirt.xml|#251e06,443c21,71653b,a0945e</sprite>
    <sprite>equipment/feet/boots.xml|#4f2d29,c89078</sprite>
  </npc>
</npcs>
