<?xml version="1.0"?>
<npcs>
  <npc id="208">
    <sprite>model/base.xml|#53202b,7f4f45,9e6a43,d09459,fcd3a1,fefffc;#2f312f,727471,a4a6a3,dad5f5;#3a3a3a,d5d5d5</sprite>
    <sprite>hairstyles/hairstyle09-female.xml|#53202b,7f4f45,9e6a43,d09459,fcd3a1,fefffc;#2f312f,727471,a4a6a3,dad5f5;#3B9C9C,AFDCEC</sprite>
    <sprite>equipment/head/wizard-hat.xml|#4f0a76,8010c0,d699f7</sprite>
    <sprite>equipment/chest/robe.xml|#4f0a76,8010c0,d699f7</sprite>
    <sprite>equipment/feet/boots.xml|#4f2d29,c89078</sprite>
    <sprite>equipment/weapons/polearm-blunt.xml|#332c19,443a20,453b1e,61532d,87733d,a58d4d</sprite>
  </npc>
</npcs>
