<?xml version="1.0"?>
<npcs>
  <npc id="214">
    <sprite>model/base.xml|#53202b,7f4f45,9e6a43,d09459,fcd3a1,fefffc;#2f312f,727471,a4a6a3,dad5f5;#3a3a3a,d5d5d5</sprite>
    <sprite>hairstyles/hairstyle18.xml|#53202b,7f4f45,9e6a43,d09459,fcd3a1,fefffc;#2f312f,727471,a4a6a3,dad5f5;#817339,FFE87C</sprite>
    <sprite>equipment/head/silkheadband.xml</sprite>
    <sprite>equipment/legs/shorts.xml|#111111,222222,333333,444444,555555,aaaaaa</sprite>
    <sprite>equipment/chest/tanktop.xml|#16486e,498ec5,e4f2fc</sprite>
    <sprite>equipment/feet/boots.xml|#623a34,f0c2b4</sprite>
  </npc>
</npcs>
