<?xml version="1.0"?>
<npcs>
  <npc id="210">
    <sprite>model/base.xml|#53202b,7f4f45,9e6a43,d09459,fcd3a1,fefffc;#2f312f,727471,a4a6a3,dad5f5;#3a3a3a,d5d5d5</sprite>
    <sprite>hairstyles/hairstyle04-female.xml|#53202b,7f4f45,9e6a43,d09459,fcd3a1,fefffc;#2f312f,727471,a4a6a3,dad5f5;#810541,F535AA</sprite>
    <sprite>equipment/legs/chaps.xml</sprite>
    <sprite>equipment/chest/tanktop.xml|#846211,dab333,fffb93,ffffff</sprite>
    <sprite>equipment/feet/boots.xml|#4f2d29,c89078</sprite>
  </npc>
</npcs>
