<?xml version="1.0"?>
<npcs>
  <npc id="215">
    <sprite>model/base.xml|#53202b,7f4f45,9e6a43,d09459,fcd3a1,fefffc;#2f312f,727471,a4a6a3,dad5f5;#3a3a3a,d5d5d5</sprite>
    <sprite>hairstyles/hairstyle02.xml|#53202b,7f4f45,9e6a43,d09459,fcd3a1,fefffc;#2f312f,727471,a4a6a3,dad5f5;#F88017,FBB117</sprite>
    <sprite>equipment/legs/chaps.xml</sprite>
    <sprite>equipment/chest/cotton.xml|#222255,6666ff</sprite>
    <sprite>equipment/head/bowler-hat-brown.xml|#16486e,498ec5,e4f2fc</sprite>
    <sprite>equipment/feet/boots.xml|#623a34,f0c2b4</sprite>
  </npc>
</npcs>
