<?xml version="1.0"?>
<npcs>
  <npc id="377">
    <sprite>model/base.xml|#53202b,7f4f45,9e6a43,d09459,fcd3a1,fefffc;#2f312f,727471,a4a6a3,dad5f5;#3a3a3a,d5d5d5</sprite>
    <sprite>hairstyles/hairstyle05-female.xml|#53202b,7f4f45,9e6a43,d09459,fcd3a1,fefffc;#2f312f,727471,a4a6a3,dad5f5;#8c6625,dab425,ffffff</sprite>
    <sprite>equipment/head/silkheadband.xml|#412300,c9866b,8d4900</sprite>
    <sprite>equipment/chest/leather.xml|#573a26,c9866b,d3b79e,ffffff;#b96b3d,fbf5f1</sprite>
    <sprite>equipment/legs/pants.xml|#2a2117,2f2112,493219,61411e,724c22,a97e4f</sprite>
    <sprite>equipment/feet/furboots.xml</sprite>
  </npc>
</npcs>
