<?xml version="1.0"?>
<npcs>
  <npc id="361">
    <sprite>model/base.xml|#53202b,7f4f45,9e6a43,d09459,fcd3a1,fefffc;#2f312f,727471,a4a6a3,dad5f5;#3a3a3a,d5d5d5</sprite>
    <sprite>hairstyles/hairstyle11-female.xml|#53202b,7f4f45,9e6a43,d09459,fcd3a1,fefffc;#2f312f,727471,a4a6a3,dad5f5;#dbd41e,867f1a,a49c2e,b2aa4f,c6c170,d9d394,e0dcb3</sprite>
    <sprite>equipment/feet/boots.xml|#070707,202020,303030,404040</sprite>
    <sprite>equipment/legs/pants.xml|#070707</sprite>
    <sprite>equipment/chest/robe.xml|#5e7480,f1ffff,ffffff</sprite>
    <sprite>equipment/head/circlet.xml</sprite>
    <sprite>equipment/weapons/polearm-stab.xml|#48488c,48488e,48488f,695c21,5f5fbe,827229,6e6edb,9493a4,a4adff,bab8c2,bcbbc6,e3eaff;#332c19,443a20,453b1e,61532d,87733d,a58d4d</sprite>
  </npc>
</npcs>
