<?xml version="1.0"?>
<npcs>
  <npc id="362">
    <sprite>model/base.xml|#53202b,7f4f45,9e6a43,d09459,fcd3a1,fefffc;#2f312f,727471,a4a6a3,dad5f5;#3a3a3a,d5d5d5</sprite>
    <sprite>hairstyles/hairstyle02.xml|#53202b,7f4f45,9e6a43,d09459,fcd3a1,fefffc;#2f312f,727471,a4a6a3,dad5f5;#5b280a,994312,c55818,e46c28</sprite>
    <sprite>equipment/feet/boots.xml|#212121</sprite>
    <sprite>equipment/legs/pants.xml|#222255</sprite>
    <sprite>equipment/chest/sorcerer-robe.xml|#222255,6666ff;#2050BE</sprite>
    <sprite>equipment/head/beard.xml|#5b280a,994312,c55818,e46c28</sprite>
    <sprite>equipment/head/woolen.xml|#222255,EFEFEF</sprite>
    <sprite variant="6">equipment/override/adult-outfits.xml</sprite>
  </npc>
</npcs>
