<?xml version="1.0"?>
<npcs>
  <npc id="326">
    <sprite>model/base.xml|#53202b,7f4f45,9e6a43,d09459,fcd3a1,fefffc;#2f312f,727471,a4a6a3,dad5f5;#3a3a3a,d5d5d5</sprite>
    <sprite>hairstyles/hairstyle05.xml|#53202b,7f4f45,9e6a43,d09459,fcd3a1,fefffc;#2f312f,727471,a4a6a3,dad5f5;#5b280a,994312,c55818,e46c28</sprite>
    <sprite>equipment/chest/vnecksweater.xml|#800000,9d1f1f,b52424,df2c2c,f13030</sprite>
    <sprite>equipment/legs/pants.xml|#592f36,6e3741,803e4b,9a4859,bd5666</sprite>
    <sprite>equipment/feet/boots.xml|#800000,9d1f1f,b52424,df2c2c,f13030</sprite>
  </npc>
</npcs>
