<?xml version="1.0"?>
<npcs>
  <npc id="356">
    <sprite>model/base.xml|#53202b,7f4f45,9e6a43,d09459,fcd3a1,fefffc;#2f312f,727471,a4a6a3,dad5f5;#3a3a3a,d5d5d5</sprite>
    <sprite>hairstyles/hairstyle19-female.xml|#53202b,7f4f45,9e6a43,d09459,fcd3a1,fefffc;#2f312f,727471,a4a6a3,dad5f5;#b04810</sprite>
    <sprite>equipment/feet/boots.xml|#80280f,b04810,ef681f,ffb830</sprite>
    <sprite>equipment/legs/pants.xml|#104010,268026,56a743,3e9c3e</sprite>
    <sprite>equipment/chest/sorcerer-robe.xml|#80280f,b04810,ef681f,ffb830;#09BC09</sprite>
    <sprite>equipment/head/witch-hat2.xml|#80280f,b04810,ef681f,ffb830;#f06ce3</sprite>
    <sprite>equipment/weapons/polearm-blunt.xml|#332c19,443a20,453b1e,61532d,87733d,a58d4d</sprite>
  </npc>
</npcs>
