<?xml version="1.0"?>
<npcs>
  <npc id="358">
    <sprite>model/base.xml|#53202b,7f4f45,9e6a43,d09459,fcd3a1,fefffc;#2f312f,727471,a4a6a3,dad5f5;#3a3a3a,d5d5d5</sprite>
    <sprite>hairstyles/hairstyle18.xml|#53202b,7f4f45,9e6a43,d09459,fcd3a1,fefffc;#2f312f,727471,a4a6a3,dad5f5;#817339,FFE87C</sprite>
    <sprite>equipment/feet/boots.xml|#4f0a76,8010c0,d699f7;#ec3e3e</sprite>
    <sprite>equipment/legs/pants.xml|#4f0a76</sprite>
    <sprite>equipment/chest/sorcerer-robe.xml|#4f0a76,8010c0,d699f7;#ec3e3e</sprite>
    <sprite>equipment/head/wizard-hat.xml|#4f0a76,8010c0,d699f7</sprite>
  </npc>
</npcs>
