<?xml version="1.0"?>
<npcs>
  <npc id="311">
    <sprite>model/base.xml|#53202b,7f4f45,9e6a43,d09459,fcd3a1,fefffc;#2f312f,727471,a4a6a3,dad5f5;#3a3a3a,d5d5d5</sprite>
    <sprite>hairstyles/hairstyle02.xml|#53202b,7f4f45,9e6a43,d09459,fcd3a1,fefffc;#2f312f,727471,a4a6a3,dad5f5;#201818,313031,424242,4e4e4e</sprite>
    <sprite>equipment/feet/boots.xml|#623a34,f0c2b4</sprite>
    <sprite>equipment/legs/chaps.xml</sprite>
    <sprite>equipment/chest/chainmail.xml|#eef1c5,ffffff</sprite>
    <sprite>equipment/chest/warlordplate.xml</sprite>
  </npc>
</npcs>
