<?xml version="1.0"?>
<npcs>
  <npc id="376">
    <sprite>model/female.xml|#53202b,7f4f45,9e6a43,d09459,fcd3a1,fefffc;#2f312f,727471,a4a6a3,dad5f5;#3a3a3a,d5d5d5</sprite>
    <sprite>hairstyles/hairstyle11-female.xml|#53202b,7f4f45,9e6a43,d09459,fcd3a1,fefffc;#2f312f,727471,a4a6a3,dad5f5;#dbd41e,867f1a,a49c2e,b2aa4f,c6c170,d9d394,e0dcb3</sprite>
    <sprite>equipment/chest/sorcerer-robe-female.xml|#115511,22aa22,99dd99;#FFF528</sprite>
    <sprite variant="0">npcs/weaver-wheel.xml</sprite>
  </npc>
</npcs>
