<?xml version="1.0"?>
<npcs>
  <npc id="322">
    <sprite>model/base.xml|#53202b,7f4f45,9e6a43,d09459,fcd3a1,fefffc;#2f312f,727471,a4a6a3,dad5f5;#3a3a3a,d5d5d5</sprite>
    <sprite>hairstyles/hairstyle00.xml|#53202b,7f4f45,9e6a43,d09459,fcd3a1,fefffc;#2f312f,727471,a4a6a3,dad5f5</sprite>
    <sprite variant="7">equipment/weapons/polearm-chop.xml|#48488c,48488e,48488f,695c21,5f5fbe,827229,6e6edb,9493a4,a4adff,bab8c2,bcbbc6,e3eaff;#332c19,443a20,453b1e,61532d,87733d,a58d4d</sprite>
    <sprite>equipment/head/crusadehelm.xml</sprite>
    <sprite>equipment/chest/warlordplate.xml|#573f10,9c8226,d3c04b,ffffff</sprite>
    <sprite>equipment/hands/generic.xml|#4e2e18,c8752f</sprite>
    <sprite>equipment/feet/boots.xml|#212121</sprite>
    <sprite>equipment/legs/terranite.xml</sprite>
  </npc>
</npcs>
