<?xml version="1.0"?>
<npcs>
  <npc id="393">
    <sprite>model/base.xml|#53202b,7f4f45,9e6a43,d09459,fcd3a1,fefffc;#2f312f,727471,a4a6a3,dad5f5;#FF2615</sprite>
    <sprite>hairstyles/hairstyle00-female.xml|#53202b,7f4f45,9e6a43,d09459,fcd3a1,fefffc;#2f312f,727471,a4a6a3,dad5f5</sprite>
    <sprite>equipment/chest/tanktop.xml|#bf369b,f25cb1,ff87b7,ffcccf</sprite>
    <sprite>equipment/legs/skirt.xml|#bf369b,f25cb1,ff87b7,ffcccf</sprite>
    <sprite>equipment/head/moubootaurhead.xml</sprite>
  </npc>
</npcs>
