<?xml version="1.0"?>
<npcs>
  <npc id="363">
    <sprite>model/base.xml|#53202b,7f4f45,9e6a43,d09459,fcd3a1,fefffc;#2f312f,727471,a4a6a3,dad5f5;#3a3a3a,d5d5d5</sprite>
    <sprite>hairstyles/hairstyle08-female.xml|#53202b,7f4f45,9e6a43,d09459,fcd3a1,fefffc;#2f312f,727471,a4a6a3,dad5f5;#994312,c55818,e46c28</sprite>
    <sprite>equipment/feet/boots.xml|#212121</sprite>
    <sprite>equipment/legs/pants.xml|#16486e,498ec5,e4f2fc</sprite>
    <sprite>equipment/chest/sorcerer-robe.xml|#16486e,498ec5,e4f2fc;#8000FF</sprite>
    <sprite>equipment/head/funkywinter.xml</sprite>
  </npc>
</npcs>
