<?xml version="1.0"?>
<npcs>
  <npc id="357">
    <sprite>model/base.xml|#53202b,7f4f45,9e6a43,d09459,fcd3a1,fefffc;#2f312f,727471,a4a6a3,dad5f5;#3a3a3a,d5d5d5</sprite>
    <sprite>hairstyles/hairstyle02.xml|#53202b,7f4f45,9e6a43,d09459,fcd3a1,fefffc;#2f312f,727471,a4a6a3,dad5f5;#994312,c55818,e46c28</sprite>
    <sprite>equipment/feet/boots.xml|#104010,208020,30c030</sprite>
    <sprite>equipment/legs/pants.xml|#115511</sprite>
    <sprite>equipment/head/beard.xml|#5b280a,994312,c55818,e46c28</sprite>
    <sprite>equipment/chest/sorcerer-robe.xml|#115511,22aa22,99dd99;#ec3e3e</sprite>
    <sprite>equipment/head/wizard-hat.xml|#104010,208020,30c030</sprite>
    <sprite>equipment/weapons/polearm-blunt.xml|#332c19,443a20,453b1e,61532d,87733d,a58d4d</sprite>
  </npc>
</npcs>
