<?xml version="1.0"?>
<npcs>
  <npc id="355">
    <sprite>model/base.xml|#53202b,7f4f45,9e6a43,d09459,fcd3a1,fefffc;#2f312f,727471,a4a6a3,dad5f5;#3a3a3a,d5d5d5</sprite>
    <sprite>hairstyles/hairstyle11-female.xml|#53202b,7f4f45,9e6a43,d09459,fcd3a1,fefffc;#2f312f,727471,a4a6a3,dad5f5;#bb2222,ffee33</sprite>
    <sprite>equipment/feet/boots.xml|#846211,dab333,fffb93,ffffff;#ec3e3e</sprite>
    <sprite>equipment/legs/pants.xml|#846211</sprite>
    <sprite>equipment/chest/sorcerer-robe.xml|#846211,dab333,fffb93,ffffff;#ec3e3e</sprite>
    <sprite>equipment/head/wizard-hat.xml|#846211,dab333,fffb93,ffffff</sprite>
    <sprite>equipment/weapons/polearm-blunt.xml|#332c19,443a20,453b1e,61532d,87733d,a58d4d</sprite>
  </npc>
</npcs>
