<?xml version="1.0"?>
<npcs>
  <npc id="359">
    <sprite>model/base.xml|#53202b,7f4f45,9e6a43,d09459,fcd3a1,fefffc;#2f312f,727471,a4a6a3,dad5f5;#3a3a3a,d5d5d5</sprite>
    <sprite>hairstyles/hairstyle02.xml|#53202b,7f4f45,9e6a43,d09459,fcd3a1,fefffc;#2f312f,727471,a4a6a3,dad5f5;#201818,313031,424242,4e4e4e</sprite>
    <sprite>equipment/feet/boots.xml|#56002f,930050,fe70bd,feb7de,ffffff;#ec3e3e</sprite>
    <sprite>equipment/legs/pants.xml|#56002f</sprite>
    <sprite>equipment/chest/sorcerer-robe.xml|#56002f,930050,fe70bd,feb7de,ffffff;#ec3e3e</sprite>
    <sprite>equipment/head/wizard-hat.xml|#56002f,930050,fe70bd,feb7de,ffffff</sprite>
    <sprite>equipment/weapons/polearm-blunt.xml|#332c19,443a20,453b1e,61532d,87733d,a58d4d</sprite>
  </npc>
</npcs>
