<?xml version="1.0"?>
<npcs>
  <npc id="385">
    <sprite>model/base.xml|#53202b,7f4f45,9e6a43,d09459,fcd3a1,fefffc;#2f312f,727471,a4a6a3,dad5f5;#3a3a3a,d5d5d5</sprite>
    <sprite>hairstyles/hairstyle00.xml|#53202b,7f4f45,9e6a43,d09459,fcd3a1,fefffc;#2f312f,727471,a4a6a3,dad5f5</sprite>
    <sprite>equipment/feet/boots.xml|#490000,b66d49</sprite>
    <sprite variant="0">equipment/override/adult-outfits.xml</sprite>
    <particlefx>graphics/particles/sphere-white.particle.xml</particlefx>
  </npc>
</npcs>
