<?xml version="1.0"?>
<npcs>
  <npc id="404">
    <sprite>model/base.xml|#53202b,7f4f45,9e6a43,d09459,fcd3a1,fefffc;#2f312f,727471,a4a6a3,dad5f5;#3a3a3a,d5d5d5</sprite>
    <sprite>hairstyles/hairstyle11-female.xml|#53202b,7f4f45,9e6a43,d09459,fcd3a1,fefffc;#2f312f,727471,a4a6a3,dad5f5;#bb2222,ffee33</sprite>
    <sprite>equipment/feet/boots.xml</sprite>
    <sprite>equipment/chest/robe.xml|#ffffff</sprite>
    <sprite>equipment/head/deserthat.xml|#ffffff</sprite>
    <sprite>equipment/feet/boots.xml|#a4b2b2,ffffff</sprite>
  </npc>
</npcs>
