<?xml version="1.0"?>
<npcs>
  <npc id="406">
    <sprite>model/base.xml|#53202b,7f4f45,9e6a43,d09459;#2f312f,727471,a4a6a3,dad5f5;#3a3a3a,d5d5d5</sprite>
    <sprite>hairstyles/hairstyle11-female.xml|#53202b,7f4f45,9e6a43,d09459,fcd3a1,fefffc;#2f312f,727471,a4a6a3,dad5f5;#bb2222,ffee33</sprite>
    <sprite>equipment/feet/boots.xml</sprite>
    <sprite>equipment/chest/leather.xml|#412300,603100,8d4900;#ffff00</sprite>
    <sprite>equipment/legs/skirt.xml|#2a2117,2f2112,493219,61411e,724c22,a97e4f</sprite>
    <sprite>equipment/hands/generic.xml|#4e2e18,c8752f</sprite>
    <sprite>equipment/head/minershat.xml</sprite>
  </npc>
</npcs>
