<?xml version="1.0"?>
<npcs>
  <npc id="418">
    <sprite>model/base.xml|#53202b,7f4f45,9e6a43,d09459,fcd3a1,fefffc;#2f312f,727471,a4a6a3,dad5f5;</sprite>
    <sprite>hairstyles/hairstyle00.xml|#53202b,7f4f45,9e6a43,d09459,fcd3a1,fefffc;#2f312f,727471,a4a6a3,dad5f5</sprite>
    <sprite>equipment/legs/pants.xml|#2a2117,2f2112,493219,61411e,724c22,a97e4f</sprite>
    <sprite>equipment/chest/sorcerer-robe.xml|#2a2117,2f2112,493219,61411e,724c22,a97e4f;#2a2117</sprite>
    <sprite>equipment/feet/boots.xml|#2a2117,2f2112,493219,61411e,724c22,a97e4f</sprite>
    <sprite>equipment/chest/tanktop.xml|#2a2117,2f2112,493219,61411e,724c22,a97e4f</sprite>
    <sprite>equipment/head/gasmask.xml</sprite>
  </npc>
</npcs>
